model,id,nhom,lan,y_dat,y_tong,y_thieu,cam_pham,cho_chu_dau_giay,token_moi_giay,tra_loi
gemma4:e2b-it-qat,n1-01,1,1,2,2,,,59.9,10.6,"Chào anh/chị, tôi hướng dẫn anh/chị cách chuyển đổi giữa gõ tiếng Việt và tiếng Anh trên máy như sau:

Anh/chị có hai cách để chuyển đổi:

1.  **Sử dụng phím tắt:** Nhấn tổ hợp phím **Super (phím logo)** và **Space** (phím cách).
2.  **Sử dụng biểu tượng:** Bấm vào **biểu tượng bàn phím** trên thanh tác vụ phía dưới màn hình.

Anh/chị sẽ thấy giao diện chuyển đổi giữa tiếng Việt và tiếng Anh."
gemma4:e2b-it-qat,n1-01,1,2,2,2,,,33.7,10.6,"Chào anh/chị, tôi hướng dẫn anh/chị cách chuyển đổi giữa gõ tiếng Việt và tiếng Anh trên máy như sau:

Để đổi giữa tiếng Việt và tiếng Anh, anh/chị có hai cách:

1.  **Cách 1: Dùng phím tắt**
    *   Nhấn tổ hợp phím **Super** (phím logo ở góc dưới màn hình) và **Space** (phím cách).

2.  **Cách 2: Dùng biểu tượng**
    *   Bấm vào **biểu tượng bàn phím** trên thanh tác vụ (thanh ở phía dưới màn hình).

Anh/chị có thể sử dụng bộ gõ IBus + Bamboo để gõ tiếng Việt theo kiểu Telex.

Nếu anh/chị gặp khó khăn trong quá trình sử dụng, anh/chị nên hỏi người quản trị hệ thống để được hỗ trợ thêm ạ."
gemma4:e2b-it-qat,n1-01,1,3,2,2,,,40.59,10.6,"Chào anh/chị, tôi hướng dẫn anh/chị cách chuyển giữa gõ tiếng Việt và tiếng Anh trên máy như sau:

Anh/chị có hai cách để đổi ngôn ngữ gõ:

1.  **Nhấn tổ hợp phím:** Nhấn giữ phím **Super** (phím logo) và sau đó nhấn phím **Space**.
2.  **Sử dụng biểu tượng:** Anh/chị có thể bấm vào **biểu tượng bàn phím** trên thanh tác vụ để chọn ngôn ngữ mong muốn.

Sau khi chuyển sang tiếng Việt, anh/chị sử dụng bộ gõ IBus + Bamboo theo kiểu gõ Telex (ví dụ: `aa` = `â`, `dd` = `đ`)."
gemma4:e2b-it-qat,n1-02,1,1,0,1,vieejt / v-i-e-e-j-t / v i e e j t,,57.86,10.6,"Chào anh/chị, tôi hướng dẫn anh/chị gõ chữ ""Việt"" theo kiểu Telex như sau:

1.  Gõ chữ **V**.
2.  Gõ chữ **i**.
3.  Gõ chữ **ee** (để ra dấu ê).
4.  Gõ chữ **t**.

Kết quả sẽ là chữ ""Việt""."
gemma4:e2b-it-qat,n1-02,1,2,1,1,,,79.84,10.6,"Chào anh/chị, để gõ chữ ""Việt"" theo kiểu Telex, anh/chị cần gõ các chữ cái cơ bản trước, sau đó mới dùng các phím dấu.

Dựa trên các phím gõ Telex mà tôi có, anh/chị thực hiện các bước sau:

1.  Gõ các chữ cái cơ bản: **V i e t**
2.  Sau khi gõ xong, anh/chị cần gõ dấu cho chữ ""ệt"". (Lưu ý: Trong danh sách phím anh/chị cung cấp, tôi không có phím cụ thể cho dấu ""ệt"", nhưng anh/chị hãy thử gõ các phím dấu để xem có phím nào tương ứng không).

**Ví dụ minh họa theo cách gõ của anh/chị:**

Nếu anh/chị muốn gõ chữ ""Việt"" theo ví dụ đã cho trong hướng dẫn của tôi là **""Vieejt"" → ""Việt""**, thì anh/chị sẽ gõ theo thứ tự:

1.  Gõ chữ **V**
2.  Gõ chữ **i**
3.  Gõ chữ **e**
4.  Gõ chữ **t**
5.  Sau đó, sử dụng các phím dấu (như s=sắc, f=huyền, r=hỏi, x=ngã, j=nặng) để tạo thành dấu **ệt**.

Anh/chị hãy thử gõ xem có phím nào tạo được dấu ""ệt"" không nhé. Nếu không được, anh/chị nên hỏi người quản trị hệ thống về cách gõ dấu chính xác."
gemma4:e2b-it-qat,n1-02,1,3,0,1,vieejt / v-i-e-e-j-t / v i e e j t,,40.23,10.8,"Chào anh/chị, để gõ chữ ""Việt"" theo kiểu Telex trên máy tính OneBee OS, anh/chị thực hiện các bước sau:

1.  Gõ chữ **V**
2.  Gõ chữ **i**
3.  Gõ chữ **e**
4.  Gõ chữ **dd** (phím này sẽ tạo ra dấu **ệ**)
5.  Gõ chữ **t**

Vậy, anh/chị gõ **V** - **i** - **e** - **dd** - **t** là được chữ ""Việt""."
gemma4:e2b-it-qat,n1-03,1,1,3,3,,,40.56,10.9,"Chào anh/chị, tôi hướng dẫn anh/chị cách lưu văn bản thành file PDF trên máy tính của mình nhé.

Anh/chị vui lòng làm theo các bước sau:

1.  Mở tài liệu anh/chị muốn lưu bằng phần mềm **LibreOffice Writer**.
2.  Trên thanh menu phía trên, anh/chị chọn mục **Tệp** (File).
3.  Trong menu thả xuống, anh/chị chọn mục **Xuất dưới dạng** (Export as).
4.  Trong danh sách các định dạng xuất hiện, anh/chị chọn **Xuất thành PDF** (Export as PDF).
5.  Chọn nơi anh/chị muốn lưu file PDF đó và nhấn nút **Lưu** (Save).

Như vậy, văn bản của anh/chị sẽ được chuyển thành file PDF để gửi đi."
gemma4:e2b-it-qat,n1-03,1,2,3,3,,,49.38,10.7,"Chào anh/chị, tôi hướng dẫn anh/chị cách lưu văn bản thành file PDF trên máy tính của mình nhé.

Anh/chị vui lòng thực hiện theo các bước sau:

1.  Mở tài liệu mà anh/chị muốn lưu thành file PDF bằng phần mềm **LibreOffice Writer** (phần mềm soạn thảo văn bản).
2.  Trên thanh menu phía trên của phần mềm, anh/chị chọn mục **Tệp** (File).
3.  Trong menu thả xuống, anh/chị chọn **Xuất dưới dạng** (Export as).
4.  Sau đó, anh/chị chọn **Xuất thành PDF** (Export to PDF).
5.  Chọn nơi anh/chị muốn lưu file PDF đó và nhấn nút Lưu.

Nếu anh/chị muốn in tài liệu ra giấy, anh/chị có thể nhấn tổ hợp phím **Ctrl + P** (hoặc chọn **Tệp** → **In**).

Nếu anh/chị gặp khó khăn trong quá trình thao tác, anh/chị có thể hỏi người quản trị máy tính để được hỗ trợ thêm."
gemma4:e2b-it-qat,n1-03,1,3,3,3,,,41.43,10.9,"Chào anh/chị, tôi hướng dẫn anh/chị cách lưu văn bản thành file PDF trên máy tính OneBee của mình nhé.

Anh/chị cần sử dụng phần mềm soạn thảo văn bản là **LibreOffice Writer** (tương đương với Word).

Anh/chị làm theo các bước sau:

1.  Mở tài liệu mà anh/chị muốn lưu thành PDF bằng phần mềm **LibreOffice Writer**.
2.  Trên thanh menu phía trên, anh/chị chọn mục **Tệp** (File).
3.  Trong menu thả xuống, anh/chị chọn **Xuất dưới dạng** (Export as).
4.  Trong các tùy chọn xuất ra, anh/chị chọn **Xuất thành PDF** (Export as PDF).
5.  Chọn nơi anh/chị muốn lưu file PDF đó và nhấn nút **Xuất** (Export).

Như vậy, văn bản của anh/chị sẽ được chuyển thành file PDF để gửi đi hoặc lưu trữ.

Nếu anh/chị gặp khó khăn ở bước nào, anh/chị hãy hỏi người quản trị máy tính hoặc nhân viên hỗ trợ kỹ thuật của đơn vị nhé."
gemma4:e2b-it-qat,n1-04,1,1,1,1,,,54.54,10.6,"Chào anh/chị, tôi hướng dẫn anh/chị cách lưu văn bản để gửi cho cơ quan dùng Word mở được như sau:

Anh/chị hãy làm theo các bước sau:

1.  Mở văn bản anh/chị đã soạn thảo bằng phần mềm **LibreOffice Writer**.
2.  Trên thanh menu phía trên, anh/chị chọn mục **Tệp** (File).
3.  Chọn **Lưu dưới dạng** (Save As).
4.  Trong cửa sổ hiện ra, anh/chị chọn định dạng lưu là **.docx**.
5.  Đặt tên cho tệp và nhấn **Lưu**.

Như vậy, tệp văn bản của anh/chị sẽ có định dạng .docx, là định dạng mà Microsoft Word thường sử dụng và các cơ quan, đối tác sẽ mở được.

Nếu anh/chị cần in ra giấy thì có thể chọn **Tệp** → **In** (hoặc nhấn tổ hợp phím **Ctrl + P**)."
gemma4:e2b-it-qat,n1-04,1,2,1,1,,,49.17,10.8,"Chào anh/chị, để soạn thảo văn bản và lưu lại theo định dạng mà cơ quan dùng Word mở được, anh/chị cần lưu file dưới định dạng **.docx**.

Tôi hướng dẫn anh/chị các bước thực hiện trên phần mềm soạn thảo văn bản (LibreOffice Writer) như sau:

1.  **Hoàn tất soạn thảo:** Anh/chị soạn thảo xong văn bản của mình trong phần mềm Writer.
2.  **Chọn chức năng Lưu:** Trên thanh menu phía trên của phần mềm, anh/chị chọn mục **Tệp** (File).
3.  **Chọn Lưu:** Trong menu Tệp, anh/chị chọn **Lưu** (Save) hoặc **Lưu dưới dạng** (Save as).
4.  **Chọn định dạng:** Khi cửa sổ lưu hiện ra, anh/chị chọn định dạng là **Microsoft Word (.docx)**.
5.  **Đặt tên và Lưu:** Anh/chị đặt tên cho văn bản và nhấn nút **Lưu**.

Nếu anh/chị muốn gửi bản văn bản dưới dạng file PDF (để đảm bảo định dạng không bị thay đổi khi gửi đi), anh/chị có thể làm theo các bước sau:

1.  Trong phần mềm Writer, chọn menu **Tệp** (File).
2.  Chọn **Xuất dưới dạng** (Export as).
3.  Chọn **Xuất thành PDF** (Export as PDF).
4.  Anh/chị chọn nơi lưu file PDF và nhấn **Xuất**.

Anh/chị hãy kiểm tra lại với kế toán hoặc văn bản chính thức về việc định dạng file văn bản chuẩn để đảm bảo tính pháp lý nhé."
gemma4:e2b-it-qat,n1-04,1,3,1,1,,,48.65,10.6,"Chào anh/chị, tôi hướng dẫn anh/chị cách lưu văn bản để gửi cho cơ quan dùng Word mở được như sau ạ.

Vì máy của anh/chị đang sử dụng phần mềm soạn thảo là LibreOffice Writer (thay thế cho Word), anh/chị cần lưu văn bản dưới định dạng mà Word hỗ trợ tốt nhất.

Anh/chị làm theo các bước sau:

1.  **Mở menu Tệp:** Trên thanh công cụ phía trên của LibreOffice Writer, anh/chị tìm và nhấn vào mục **Tệp** (File).
2.  **Chọn Lưu hoặc Lưu dưới dạng:** Trong menu Tệp, anh/chị chọn mục **Lưu dưới dạng** (Save As).
3.  **Chọn định dạng phù hợp:** Trong cửa sổ hiện ra, anh/chị tìm mục **Loại tệp** (File type) và chọn định dạng **Microsoft Word (.docx)**.
4.  **Đặt tên và Lưu:** Anh/chị đặt tên cho văn bản của mình, sau đó nhấn nút **Lưu** (Save).

**Lưu ý thêm:**

*   Nếu anh/chị muốn gửi một bản không cần chỉnh sửa, anh/chị có thể chọn **Xuất dưới dạng** (Export as) và chọn **PDF**.
*   Nếu anh/chị muốn in ra, anh/chị có thể nhấn tổ hợp phím **Ctrl + P** (hoặc chọn **Tệp → In**).

Anh/chị nhớ kiểm tra lại với kế toán hoặc văn bản chính thức về yêu cầu định dạng tệp nếu có bất kỳ thắc mắc nào khác nhé."
gemma4:e2b-it-qat,n1-05,1,1,1,1,,,36.3,10.7,"Chào anh/chị,

Phím tắt để in tài liệu trên máy tính OneBee là:

1. Nhấn tổ hợp phím **Ctrl + P**.

Hoặc anh/chị có thể vào menu **Tệp → In**."
gemma4:e2b-it-qat,n1-05,1,2,1,1,,,25.81,10.7,"Chào anh/chị, phím tắt để in tài liệu là **Ctrl + P**."
gemma4:e2b-it-qat,n1-05,1,3,1,1,,,23.81,10.9,"Chào anh/chị, phím tắt để in tài liệu trên máy tính OneBee là:

**Ctrl + P** (hoặc bạn có thể chọn menu **Tệp → In**)."
gemma4:e2b-it-qat,n1-06,1,1,2,2,,,51.38,10.6,"Chào anh/chị, tôi hiểu là việc mất file báo cáo rất quan trọng.

Theo thông tin hệ thống của tôi, tôi xin hướng dẫn anh/chị các bước sau:

1.  **Kiểm tra bản sao lưu:** Máy tính của anh/chị tự động sao lưu thư mục cá nhân lên OneBee Box vào lúc **12:00 h hằng ngày**. Anh/chị hãy kiểm tra lại thư mục sao lưu trên OneBee Box xem file báo cáo có còn ở đó không.
2.  **Liên hệ quản trị:** Nếu anh/chị không tìm thấy file trong bản sao lưu, anh/chị cần **báo ngay cho người quản trị OneBee Box** để họ hỗ trợ kiểm tra và lấy lại file.

Lưu ý: Tôi không có khả năng tự khôi phục file đã bị xóa trực tiếp trên máy tính. Việc lấy lại file cần sự hỗ trợ từ người quản trị hệ thống."
gemma4:e2b-it-qat,n1-06,1,2,2,2,,,64.66,10.5,"Chào anh/chị, tôi hiểu là anh/chị đang gặp vấn đề lỡ xóa file báo cáo.

Theo quy định của máy tính OneBee, tôi xin hướng dẫn anh/chị các bước cần làm như sau:

1.  **Kiểm tra lại Thùng rác (Recycle Bin):** Anh/chị hãy kiểm tra xem file đã xóa có nằm trong Thùng rác của máy tính không.
2.  **Liên hệ Quản trị OneBee Box:** Vì máy tính tự sao lưu thư mục cá nhân lên OneBee Box vào lúc 12:00 hằng ngày, và quy định của đơn vị là **""Cần lấy lại file đã xóa thì báo người quản trị OneBee Box, người dùng không tự xóa được bản sao lưu""**.
3.  **Thông báo chi tiết:** Anh/chị vui lòng liên hệ với người quản trị OneBee Box để thông báo về file báo cáo bị xóa, bao gồm:
    *   Tên file bị xóa.
    *   Thời điểm anh/chị xóa file.

Người quản trị OneBee Box sẽ là người có thể kiểm tra bản sao lưu để hỗ trợ anh/chị khôi phục lại file.

Nếu anh/chị không biết ai là người quản trị OneBee Box, anh/chị vui lòng hỏi bộ phận quản lý của đơn vị để được hỗ trợ."
gemma4:e2b-it-qat,n1-06,1,3,2,2,,,40.21,10.5,"Chào anh/chị, tôi hiểu là việc mất file báo cáo rất phiền phức.

Theo quy định của máy tính OneBee, nếu anh/chị lỡ xóa file, bản sao lưu tự động được thực hiện vào lúc 12:00 hằng ngày.

Để lấy lại file đã xóa, anh/chị cần làm như sau:

1.  **Liên hệ với người quản trị OneBee Box** để nhờ họ kiểm tra bản sao lưu. Tôi không có thông tin về việc này, anh/chị vui lòng hỏi người quản trị OneBee Box để được hỗ trợ.

Tôi không có khả năng tự khôi phục file đã xóa, anh/chị vui lòng liên hệ bộ phận quản trị để được giúp đỡ nhé."
gemma4:e2b-it-qat,n1-07,1,1,2,2,,,54.42,10.5,"Chào anh/chị, tôi hướng dẫn anh/chị cách mở thư mục chung của cơ quan trên máy tính như sau:

Anh/chị cần sử dụng trình quản lý tệp (File Explorer) trên máy tính của mình.

1.  Mở trình quản lý tệp trên máy tính của anh/chị.
2.  Tìm đến mục để nhập địa chỉ mạng (thường là thanh địa chỉ ở trên cùng).
3.  Anh/chị gõ địa chỉ sau vào ô nhập liệu:
    `smb://<địa-chỉ-Box>/chung`
    *(Lưu ý: Anh/chị cần thay `<địa-chỉ-Box>` bằng địa chỉ Box mà đơn vị đã cấp cho anh/chị.)*
4.  Nhấn phím Enter.
5.  Hệ thống sẽ yêu cầu anh/chị đăng nhập. Anh/chị hãy nhập **tài khoản** và **mật khẩu** do quản trị đơn vị cấp để truy cập vào thư mục chung.

Nếu anh/chị gặp khó khăn ở bước nào, anh/chị vui lòng hỏi bộ phận quản trị máy tính của đơn vị nhé."
gemma4:e2b-it-qat,n1-07,1,2,2,2,,,34.85,10.7,"Chào anh/chị, tôi hướng dẫn anh/chị cách mở thư mục chung của cơ quan trên máy như sau:

1.  Anh/chị mở trình quản lý tệp (File Manager) trên máy tính của mình.
2.  Anh/chị gõ địa chỉ thư mục chung vào thanh địa chỉ: `smb://<địa-chỉ-Box>/chung` (Anh/chị cần thay `<địa-chỉ-Box>` bằng địa chỉ Box thực tế của đơn vị).
3.  Sau khi gõ xong, anh/chị nhấn Enter.
4.  Hệ thống sẽ yêu cầu anh/chị nhập **tài khoản và mật khẩu** do quản trị viên cấp. Anh/chị hãy nhập đúng thông tin đó để vào được thư mục.

Nếu anh/chị gặp khó khăn ở bước nào, anh/chị nên hỏi người quản trị hệ thống để được hỗ trợ thêm ạ."
gemma4:e2b-it-qat,n1-07,1,3,2,2,,,39.89,10.7,"Chào anh/chị, tôi hướng dẫn anh/chị cách mở thư mục chung của cơ quan như sau:

1.  Anh/chị cần mở trình quản lý tệp trên máy tính của mình.
2.  Trong ô nhập địa chỉ thư mục, anh/chị gõ địa chỉ sau: `smb://<địa-chỉ-Box>/chung` (Anh/chị cần thay `<địa-chỉ-Box>` bằng địa chỉ Box thực tế của đơn vị).
3.  Sau khi gõ xong, anh/chị nhấn Enter.
4.  Hệ thống sẽ yêu cầu anh/chị đăng nhập. Anh/chị hãy sử dụng tài khoản mà quản trị viên đã cấp cho anh/chị.

Nếu anh/chị gặp khó khăn trong việc tìm địa chỉ Box hoặc không nhớ tài khoản đăng nhập, anh/chị vui lòng hỏi người quản trị hệ thống hoặc bộ phận IT của đơn vị để được hỗ trợ cụ thể hơn nhé."
gemma4:e2b-it-qat,n1-08,1,1,1,1,,,29.05,10.7,"Chào anh/chị,

Tôi xin thông báo là theo quy định của máy tính OneBee OS, **anh/chị không được tắt máy giữa chừng khi máy đang cập nhật bảo mật.**

Máy sẽ tự cập nhật và không cho phép tắt trong quá trình này để đảm bảo an toàn. Anh/chị vui lòng chờ máy hoàn tất quá trình cập nhật nhé."
gemma4:e2b-it-qat,n1-08,1,2,1,1,,,28.47,10.9,"Tôi xin lỗi, anh/chị không được tắt máy khi máy đang cập nhật bảo mật. Máy sẽ tự cập nhật và không cho phép tắt giữa chừng. Anh/chị vui lòng đợi máy cập nhật xong là máy sẽ hoạt động lại bình thường ạ."
gemma4:e2b-it-qat,n1-08,1,3,1,1,,,23.6,11.0,"Tôi xin thông báo là máy tính không cho phép tắt máy giữa chừng khi đang cập nhật bảo mật.

Anh/chị vui lòng chờ máy hoàn tất quá trình cập nhật để đảm bảo an toàn cho hệ thống nhé."
gemma4:e2b-it-qat,n2-01,2,1,4,5,cộng hòa xã hội chủ nghĩa việt nam / cộng hoà xã hội chủ nghĩa việt nam,,57.04,10.6,"Chào anh/chị, tôi xin soạn giúp anh/chị bản Giấy mời họp theo đúng văn bản hành chính. Anh/chị vui lòng điền các thông tin còn thiếu vào các phần trong ngoặc vuông [ ] nhé.

***

**CỘNG HÒA XÃ HỘI CHỦ NGHĨA**
**Độc lập - Tự do - Hạnh phúc**
***

**[Tên Hợp tác xã]**
Số: [Số]/GM-HTX

*[Địa danh]*, ngày [Ngày] tháng [Tháng] năm 2026

**GIẤY MỜI**

**V/v:** Họp tổng kết Quý III

Kính gửi: Toàn thể xã viên Hợp tác xã [Tên Hợp tác xã].

Căn cứ vào kế hoạch hoạt động của Hợp tác xã, Ban Quản lý Hợp tác xã trân trọng kính mời toàn thể xã viên tham dự cuộc họp để cùng tổng kết các hoạt động của Quý III vừa qua và triển khai kế hoạch sắp tới.

**Thời gian:** 8 giờ 00 phút, Thứ Bảy, ngày 10 tháng 10 năm 2026.
**Địa điểm:** Hội trường Hợp tác xã [Tên Hợp tác xã].
**Nội dung cuộc họp:**
1. Tổng kết tình hình hoạt động của Hợp tác xã trong Quý III.
2. Đánh giá kết quả đạt được và những tồn tại.
3. Thảo luận phương hướng hoạt động Quý IV.
4. Các nội dung khác (nếu có).

Đề nghị toàn thể xã viên sắp xếp thời gian tham dự đầy đủ để cuộc họp đạt hiệu quả cao nhất.

Xin trân trọng cảm ơn!

**Nơi nhận:**
- Như trên;
- Lưu: [Bộ phận liên quan].

**[Chức vụ người ký]**
*(Ký tên, đóng dấu)*

**[Họ và tên người ký]**

***

Anh/chị nhớ kiểm tra lại các thông tin như Tên Hợp tác xã, Địa danh, Số văn bản và Chức vụ người ký trước khi in và phát hành nhé. Nếu cần tôi hỗ trợ soạn thảo thêm bất cứ tài liệu nào khác, anh/chị cứ bảo tôi."
gemma4:e2b-it-qat,n2-01,2,2,5,5,,,63.09,10.6,"Tôi xin soạn giúp anh/chị văn bản giấy mời họp theo đúng quy định về văn thư. Anh/chị vui lòng điền các thông tin còn thiếu vào các chỗ có dấu ngoặc vuông [ ].

***

**CỘNG HÒA XÃ HỘI CHỦ NGHĨA VIỆT NAM**
**Độc lập - Tự do - Hạnh phúc**
***

**[TÊN HỢP TÁC XÃ]**
Số: [Số văn bản]/GM-HTX

*V/v: Giấy mời họp tổng kết Quý III*

[Địa danh], ngày [Ngày] tháng [Tháng] năm [Năm]

**GIẤY MỜI HỌP**

Kính gửi: Toàn thể xã viên Hợp tác xã OneBee.

Căn cứ kế hoạch hoạt động của Hợp tác xã, Ban Lãnh đạo trân trọng kính mời toàn thể xã viên tham dự cuộc họp để cùng tổng kết tình hình hoạt động của Hợp tác xã trong Quý III vừa qua.

**Thời gian:** 8 giờ 00 phút, Thứ Bảy, ngày 10 tháng 10 năm 2026.
**Địa điểm:** Hội trường Hợp tác xã OneBee.
**Nội dung:** Tổng kết hoạt động Quý III và phương hướng hoạt động Quý IV.

Đề nghị toàn thể xã viên sắp xếp thời gian tham dự đầy đủ để buổi họp đạt được hiệu quả cao nhất.

Trân trọng kính mời!

**Nơi nhận:**
- Như trên;
- Lưu: [Phòng/Ban liên quan].

**TM. BAN LÃNH ĐẠO**
**[CHỨC VỤ CỦA NGƯỜI KÝ]**
*(Ký tên, đóng dấu)*

**[Họ và tên người ký]**"
gemma4:e2b-it-qat,n2-01,2,3,5,5,,,53.17,10.3,"Chào anh/chị, tôi sẽ soạn giúp anh/chị bản Giấy mời họp theo đúng văn phong hành chính. Anh/chị vui lòng điền các thông tin còn thiếu vào các phần trong ngoặc vuông [ ] để hoàn thiện nhé.

---

**CỘNG HÒA XÃ HỘI CHỦ NGHĨA VIỆT NAM**
**Độc lập - Tự do - Hạnh phúc**
***

**HỢP TÁC XÃ ONEBEE**
Số: [Số văn bản]/GM-HTX

*V/v: Giấy mời họp tổng kết quý III*

[Địa danh], ngày [Ngày] tháng [Tháng] năm 2026

**GIẤY MỜI HỌP**

**Kính gửi:** Toàn thể xã viên Hợp tác xã OneBee.

Căn cứ kế hoạch hoạt động của Hợp tác xã, Ban Quản lý Hợp tác xã trân trọng kính mời toàn thể xã viên tham dự buổi họp để tổng kết kết quả hoạt động trong Quý III năm 2026.

**Thời gian:** 8 giờ 00 phút, Thứ Bảy, ngày 10 tháng 10 năm 2026.
**Địa điểm:** Hội trường Hợp tác xã OneBee.
**Nội dung:** Tổng kết công tác và kết quả hoạt động Quý III năm 2026.

Đề nghị toàn thể xã viên sắp xếp thời gian tham dự đầy đủ để buổi họp đạt kết quả tốt nhất.

Xin trân trọng cảm ơn!

**Nơi nhận:**
- Như trên;
- Lưu: [Phòng ban liên quan].

**TM. BAN QUẢN LÝ HTX**
*(Ký tên, đóng dấu)*

[Chức vụ của người ký]
[Họ và Tên người ký]

---

**Lưu ý thêm:**

*   Anh/chị nhớ kiểm tra lại số văn bản, ngày tháng, địa danh, và chức vụ người ký trước khi in ấn và ký duyệt nhé.
*   Nếu anh/chị cần tôi soạn thảo thêm văn bản nào khác, anh/chị cứ cho tôi biết."
gemma4:e2b-it-qat,n2-02,2,1,4,4,,,65.94,10.4,"Tôi xin soạn thảo công văn theo đúng định dạng văn bản hành chính theo Nghị định 30/2020/NĐ-CP. Anh/chị vui lòng điền các thông tin còn thiếu như số văn bản, ngày tháng, tên người ký và địa chỉ cụ thể của HTX OneBee vào các phần trong ngoặc vuông [ ].

***

**CỘNG HÒA XÃ HỘI CHỦ NGHĨA VIỆT NAM**
**Độc lập - Tự do - Hạnh phúc**
***

**HỢP TÁC XÃ ONEBEE**
Số: [Số văn bản]/CV-HTX

*Long An, ngày [Ngày] tháng [Tháng] năm [Năm]*

**CÔNG VĂN**
**Về việc đề nghị hỗ trợ địa điểm tổ chức phiên chợ nông sản**

**Kính gửi:** Ủy ban nhân dân phường Long An

Thực hiện kế hoạch phát triển kinh tế và quảng bá sản phẩm nông nghiệp địa phương, Hợp tác xã OneBee kính gửi đến Ủy ban nhân dân phường Long An văn bản này để đề nghị được xem xét, hỗ trợ về địa điểm tổ chức phiên chợ nông sản của HTX OneBee.

Phiên chợ nông sản là hoạt động nhằm tạo điều kiện thuận lợi cho bà con nông dân giới thiệu, tiêu thụ các sản phẩm nông sản tươi sạch của địa phương, đồng thời là cơ hội để HTX OneBee kết nối trực tiếp với người tiêu dùng và cộng đồng.

Chúng tôi kính đề nghị Ủy ban nhân dân phường Long An xem xét và hỗ trợ HTX OneBee về việc sắp xếp, cung cấp địa điểm phù hợp để tổ chức phiên chợ nông sản vào [Thời gian dự kiến tổ chức, ví dụ: cuối tuần của tháng...] nhằm đảm bảo hoạt động diễn ra thuận lợi, an toàn và đạt hiệu quả cao nhất.

Chúng tôi cam kết sẽ tuân thủ mọi quy định của pháp luật và giữ gìn trật tự tại địa điểm được cấp phép.

Kính mong nhận được sự quan tâm, xem xét và hỗ trợ của Ủy ban nhân dân phường Long An.

Xin trân trọng cảm ơn!

**Nơi nhận:**
- Như trên;
- Lưu: [Phòng/Ban liên quan].

**TRƯỞNG HTX**
*(Ký tên, đóng dấu)*

**[Họ và tên người ký]**"
gemma4:e2b-it-qat,n2-02,2,2,4,4,,,56.55,10.5,"Chào anh/chị, tôi sẽ soạn giúp anh/chị một bản dự thảo công văn theo đúng mẫu văn bản hành chính hiện hành. Anh/chị vui lòng điền các thông tin còn thiếu như số văn bản, ngày tháng, và tên người ký vào các chỗ có dấu ngoặc vuông nhé.

***

**CỘNG HÒA XÃ HỘI CHỦ NGHĨA VIỆT NAM**
**Độc lập - Tự do - Hạnh phúc**
***

**HỢP TÁC XÃ NÔNG NGHIỆP ONEBEE**
Số: [Số văn bản]/CV-HTXNB

*Long An, ngày [Ngày] tháng [Tháng] năm [Năm]*

**Về việc: Đề nghị hỗ trợ mặt bằng tổ chức phiên chợ nông sản**

**Kính gửi:** Ủy ban nhân dân phường Long An

Thực hiện kế hoạch phát triển kinh tế và quảng bá sản phẩm nông nghiệp của HTX OneBee, chúng tôi trân trọng kính gửi đến Ủy ban nhân dân phường Long An bản đề nghị hỗ trợ về mặt bằng để tổ chức Phiên chợ nông sản [Tên phiên chợ, nếu có].

**1. Sự cần thiết:**
Phiên chợ nông sản là hoạt động thiết yếu nhằm tạo điều kiện thuận lợi để các thành viên của HTX OneBee tiếp cận thị trường, quảng bá chất lượng nông sản địa phương, đồng thời tạo nguồn thu nhập ổn định cho các hộ sản xuất.

**2. Nội dung đề nghị:**
Để phiên chợ nông sản được tổ chức thành công và đạt được hiệu quả cao nhất, HTX OneBee kính đề nghị Ủy ban nhân dân phường Long An xem xét hỗ trợ chúng tôi về vấn đề mặt bằng tổ chức.

Cụ thể, chúng tôi kính đề nghị [Nêu rõ nội dung hỗ trợ cụ thể, ví dụ: hỗ trợ thuê/sử dụng một khu vực công cộng tại địa bàn phường Long An trong khoảng thời gian từ ngày [Ngày bắt đầu] đến ngày [Ngày kết thúc] để tổ chức phiên chợ].

**3. Cam kết:**
HTX OneBee cam kết sẽ sử dụng mặt bằng được hỗ trợ đúng mục đích, đảm bảo giữ gìn vệ sinh môi trường và thực hiện đầy đủ các quy định của pháp luật. Chúng tôi sẽ phối hợp chặt chẽ với các bộ phận liên quan của phường để đảm bảo phiên chợ diễn ra an toàn, văn minh và hiệu quả.

Rất mong nhận được sự quan tâm, xem xét và hỗ trợ của Ủy ban nhân dân phường Long An.

Xin trân trọng cảm ơn!

**Nơi nhận:**
- Như trên;
- Lưu: [Bộ phận liên quan].

**TM. HỢP TÁC XÃ NÔNG NGHIỆP ONEBEE**
**[Chức vụ người ký]**
*(Ký tên, đóng dấu)*

**[Họ và tên người ký]**

***

**Lưu ý của tôi:**

*   Anh/chị cần điền đầy đủ các thông tin trong ngoặc vuông `[...]` (số văn bản, ngày tháng, tên phiên chợ, nội dung hỗ trợ cụ thể, chức vụ, tên người ký).
*   Về vấn đề pháp lý và thủ tục hành chính, anh/chị nên kiểm tra lại các quy định cụ thể của phường Long An về việc xin hỗ trợ mặt bằng để đảm bảo công văn được xử lý nhanh chóng."
gemma4:e2b-it-qat,n2-02,2,3,4,4,,,69.03,10.4,"Tôi xin soạn thảo công văn theo đúng định dạng văn bản hành chính theo Nghị định 30/2020/NĐ-CP. Anh/chị vui lòng điền các thông tin còn thiếu vào các phần trong ngoặc vuông [ ].

***

**CỘNG HÒA XÃ HỘI CHỦ NGHĨA VIỆT NAM**
**Độc lập - Tự do - Hạnh phúc**
***

**HỢP TÁC XÃ ONEBEE**
Số: [Số công văn]/CV-HTXNB

*[Địa danh], ngày [Ngày] tháng [Tháng] năm [Năm]*

**Về việc đề nghị hỗ trợ mặt bằng tổ chức phiên chợ nông sản**

**Kính gửi:** Ủy ban nhân dân phường Long An

Thực hiện kế hoạch hoạt động của Hợp tác xã OneBee trong lĩnh vực phát triển sản phẩm nông nghiệp và thương mại, Hợp tác xã OneBee xin trình Ủy ban nhân dân phường Long An xem xét và hỗ trợ về mặt bằng để tổ chức Phiên chợ nông sản sắp tới.

**1. Căn cứ:**
*   Căn cứ vào chức năng, nhiệm vụ của Hợp tác xã OneBee.
*   Căn cứ vào nhu cầu phát triển kinh tế và giao lưu thương mại tại địa phương.

**2. Nội dung đề nghị:**
Hợp tác xã OneBee dự kiến tổ chức Phiên chợ nông sản với mục đích:
*   Tạo điều kiện cho bà con nông dân tham gia tiêu thụ sản phẩm trực tiếp.
*   Thúc đẩy giao lưu, quảng bá các sản phẩm nông sản chất lượng của địa phương.
*   Góp phần phát triển kinh tế tại phường Long An.

Để buổi Phiên chợ được tổ chức thành công và tạo được sự thuận lợi tối đa cho người dân tham gia, Hợp tác xã OneBee kính đề nghị Ủy ban nhân dân phường Long An xem xét, hỗ trợ chúng tôi về việc cung cấp hoặc cho thuê mặt bằng phù hợp tại địa bàn phường Long An vào thời gian dự kiến tổ chức Phiên chợ.

Chúng tôi cam kết sẽ sử dụng mặt bằng đúng mục đích, giữ gìn vệ sinh chung và thực hiện nghiêm chỉnh các quy định của pháp luật.

Kính mong nhận được sự quan tâm, xem xét và hỗ trợ từ Ủy ban nhân dân phường Long An.

Xin trân trọng cảm ơn!

**Nơi nhận:**
*   Như trên;
*   [Phòng/Ban liên quan] (để biết);
*   Lưu: [Tên bộ phận/Hồ sơ].

**TM. HỢP TÁC XÃ ONEBEE**
**[Chức vụ người ký]**
*(Ký tên, đóng dấu)*

**[Họ và tên người ký]**

***

**Lưu ý của tôi:**

1.  Anh/chị cần điền đầy đủ các thông tin trong ngoặc vuông [ ] như số công văn, ngày tháng, tên người ký, và chức vụ của người đại diện HTX.
2.  Về việc xin hỗ trợ mặt bằng, anh/chị nên chuẩn bị thêm một bản dự kiến về thời gian, quy mô phiên chợ để trình bày chi tiết hơn với UBND phường.
3.  Đối với các vấn đề liên quan đến thủ tục hành chính cụ thể hoặc các điều khoản pháp lý liên quan đến việc sử dụng mặt bằng, anh/chị nên kiểm tra lại với cán bộ phụ trách của phường Long An để đảm bảo tính chính xác."
gemma4:e2b-it-qat,n2-03,2,1,3,3,,,61.48,10.5,"Chào anh/chị, tôi sẽ soạn giúp anh/chị một thông báo nghỉ lễ theo đúng văn phong hành chính. Anh/chị chỉ cần điền các thông tin còn thiếu vào các phần trong ngoặc vuông là được ạ.

Đây là mẫu thông báo nghỉ lễ Quốc khánh 2/9:

***

**CỘNG HÒA XÃ HỘI CHỦ NGHĨA VIỆT NAM**
**Độc lập - Tự do - Hạnh phúc**
***

**[Tên HTX]**
Số: [Số văn bản]/TB-HTX

*Về việc nghỉ lễ Quốc khánh 2/9*

*[Địa danh]*, ngày [Ngày] tháng [Tháng] năm [Năm]

**THÔNG BÁO**
**Về việc nghỉ lễ Quốc khánh 2/9**

Kính gửi: Toàn thể cán bộ, nhân viên [Tên HTX].

Căn cứ vào quy định về ngày nghỉ lễ của Nhà nước, Ban Lãnh đạo [Tên HTX] thông báo về lịch nghỉ lễ Quốc khánh 2/9 như sau:

1. **Thời gian nghỉ lễ:** Từ ngày 01/09/2024 đến hết ngày 02/09/2024.
2. **Thời gian làm việc trở lại:** Ngày 03/09/2024.

Đề nghị toàn thể cán bộ, nhân viên nghiêm túc thực hiện thông báo trên để đảm bảo công việc được duy trì ổn định. Trong thời gian nghỉ lễ, đề nghị anh/chị sắp xếp công việc cá nhân và giữ gìn sức khỏe.

Mọi thắc mắc liên quan đến nội dung này, anh/chị vui lòng liên hệ [Bộ phận/Cá nhân phụ trách] để được giải đáp.

Trân trọng thông báo!

**Nơi nhận:**
- Như trên;
- Lưu: [Bộ phận liên quan].

**TM. BAN LÃNH ĐẠO**
**[Chức vụ người ký]**
*(Ký tên và đóng dấu)*

***

Anh/chị nhớ thay thế các thông tin trong ngoặc vuông `[...]` bằng thông tin thực tế của HTX mình nhé. Nếu anh/chị cần tôi soạn thêm bất kỳ văn bản nào khác, anh/chị cứ bảo tôi."
gemma4:e2b-it-qat,n2-03,2,2,3,3,,,67.91,10.4,"Chào anh/chị, tôi xin soạn giúp anh/chị văn bản thông báo nghỉ lễ Quốc khánh 2/9 theo đúng mẫu hành chính mà anh/chị yêu cầu.

Anh/chị vui lòng điền các thông tin còn thiếu vào các phần trong ngoặc vuông [ ] nhé.

***

**CỘNG HÒA XÃ HỘI CHỦ NGHĨA VIỆT NAM**
**Độc lập - Tự do - Hạnh phúc**
***

**[TÊN HTX]**
Số: [Số văn bản]/TB-HTX

*[Địa danh]*, ngày [Ngày] tháng [Tháng] năm [Năm]

**THÔNG BÁO**
**Về việc nghỉ lễ Quốc khánh 2/9**

Kính gửi: Toàn thể Cán bộ, Nhân viên [Tên HTX].

Căn cứ vào quy định về ngày nghỉ lễ của Nhà nước, Ban Lãnh đạo [Tên HTX] xin thông báo về lịch nghỉ lễ Quốc khánh 2/9 như sau:

1.  **Thời gian nghỉ:** Từ ngày 01/09/2024 đến hết ngày 02/09/2024.
2.  **Lý do:** Để nghỉ lễ Quốc khánh 2/9.
3.  **Công việc:** Trong thời gian nghỉ lễ, các bộ phận liên quan sẽ tạm dừng công việc. Các công việc khẩn cấp, nếu có, vui lòng liên hệ với [Tên người phụ trách/Bộ phận] để sắp xếp.

Đề nghị toàn thể cán bộ, nhân viên nắm rõ thông báo và sắp xếp công việc cá nhân để nghỉ lễ đúng thời gian quy định.

Trân trọng thông báo!

**Nơi nhận:**
- Như trên;
- Lưu: [Bộ phận liên quan].

**[Chức vụ người ký]**
*(Ký tên và đóng dấu)*

**[Họ và tên người ký]**

***

Anh/chị có cần tôi chỉnh sửa hay soạn thêm văn bản nào khác không?"
gemma4:e2b-it-qat,n2-03,2,3,3,3,,,75.71,7.8,"Tôi xin soạn thảo thông báo nghỉ lễ Quốc khánh 2/9 theo đúng văn bản hành chính mà anh/chị yêu cầu. Vì tôi không có thông tin cụ thể về tên hợp tác xã, số văn bản, địa danh hay người ký, tôi sẽ để các chỗ đó trong ngoặc vuông để anh/chị điền thông tin sau.

***

**CỘNG HÒA XÃ HỘI CHỦ NGHĨA VIỆT NAM**
**Độc lập - Tự do - Hạnh phúc**
***

**[Tên Hợp tác xã]**
Số: [Số và ký hiệu]
*V/v: Thông báo nghỉ lễ Quốc khánh 2/9*

[Địa danh], ngày [Ngày] tháng [Tháng] năm [Năm]

**THÔNG BÁO**
**Về việc nghỉ lễ Quốc khánh 2/9**

Căn cứ vào quy định về ngày nghỉ lễ của Nhà nước, Ban Lãnh đạo [Tên Hợp tác xã] xin thông báo đến toàn thể cán bộ, nhân viên về lịch nghỉ lễ Quốc khánh 2/9 như sau:

1. **Thời gian nghỉ lễ:** Từ ngày 01/09/2024 đến hết ngày 02/09/2024.
2. **Lịch làm việc trở lại:** Toàn thể cán bộ, nhân viên sẽ trở lại làm việc bình thường vào ngày [Ngày làm việc tiếp theo].

Đề nghị toàn thể cán bộ, nhân viên nắm rõ lịch nghỉ để chủ động sắp xếp công việc cá nhân và thực hiện tốt nhiệm vụ được giao.

Trân trọng thông báo!

**Nơi nhận:**
- Như trên;
- Lưu: [Phòng ban liên quan].

**[Chức vụ người ký]**
*(Ký tên, đóng dấu)*

**[Họ và tên người ký]**"
gemma4:e2b-it-qat,n2-04,2,1,3,4,5/5 / năm thành viên / 5 thành viên,,189.38,4.2,"Chào anh/chị, tôi có thể soạn giúp anh/chị một bản dự thảo Biên bản họp theo đúng mẫu văn bản hành chính.

Tuy nhiên, vì tôi không có thông tin về tên cụ thể của Hợp tác xã, địa danh, tên các thành viên, hay các chi tiết khác của cuộc họp, tôi sẽ soạn bản mẫu. Anh/chị vui lòng điền các thông tin còn thiếu vào các phần trong ngoặc vuông [ ] để hoàn thiện nhé.

Dưới đây là bản dự thảo Biên bản họp:

***

**CỘNG HÒA XÃ HỘI CHỦ NGHĨA VIỆT NAM**
**Độc lập - Tự do - Hạnh phúc**
***

**BIÊN BẢN HỌP BAN QUẢN TRỊ [TÊN HỢP TÁC XÃ]**
**Số: [Số biên bản]/BB-BQT**

*Căn cứ vào [Căn cứ pháp lý hoặc quyết định họp trước đó, nếu có]*

Hôm nay, vào lúc [Giờ bắt đầu] ngày 25 tháng 9 năm 2026, tại [Địa điểm họp, ví dụ: Hội trường HTX], Ban Quản trị [Tên Hợp tác xã] đã tiến hành họp để thảo luận và thống nhất các nội dung sau:

**I. Thành phần tham dự:**
1. Tổng số thành viên Ban Quản trị: 05/05.
2. Thành phần tham dự:
    * Ông/Bà [Họ và tên thành viên 1], Chức vụ: [Chức vụ].
    * Ông/Bà [Họ và tên thành viên 2], Chức vụ: [Chức vụ].
    * Ông/Bà [Họ và tên thành viên 3], Chức vụ: [Chức vụ].
    * Ông/Bà [Họ và tên thành viên 4], Chức vụ: [Chức vụ].
    * Ông/Bà [Họ và tên thành viên 5], Chức vụ: [Chức vụ].

**II. Nội dung cuộc họp:**

1. **Nội dung 1: Đánh giá tình hình trang thiết bị và đề xuất mua sắm máy tính mới.**
    * Ban Quản trị đã nghe báo cáo về tình trạng trang thiết bị máy tính hiện tại của Hợp tác xã.
    * Các thành viên đã thảo luận về sự cần thiết của việc nâng cấp máy tính để phục vụ công việc quản lý và vận hành.
    * Sau khi thảo luận, Ban Quản trị thống nhất về việc mua sắm 02 (hai) máy tính mới.

2. **Nội dung 2: Thống nhất phương án mua sắm.**
    * Các thành viên nhất trí về việc mua 02 máy tính mới với các thông số kỹ thuật như sau: [Ghi rõ thông số kỹ thuật nếu có, ví dụ: CPU i5, RAM 8GB, ổ cứng SSD 256GB].
    * Ban Quản trị thống nhất về phương án mua sắm và phân công trách nhiệm theo [Người phụ trách/Bộ phận].

**III. Kết luận và Quyết định:**

Ban Quản trị thống nhất thông qua nội dung cuộc họp và quyết định:

1. Tiến hành mua sắm 02 (hai) máy tính mới theo đúng phương án đã thảo luận.
2. [Người phụ trách/Bộ phận] chịu trách nhiệm lập hồ sơ và thực hiện các thủ tục mua sắm.
3. Thời gian dự kiến hoàn thành việc mua sắm là [Thời gian dự kiến].

Biên bản được lập thành [Số] bản, có giá trị pháp lý như nhau, được phổ biến đến tất cả các thành viên tham dự.

| **THÀNH VIÊN BAN QUẢN TRỊ** | **NGƯỜI LẬP BIÊN BẢN** |
| :--- | :--- |
| (Ký và ghi rõ họ tên) | (Ký và ghi rõ họ tên) |
| [Họ và tên thành viên 1] | [Họ và tên người lập biên bản] |
| [Họ và tên thành viên 2] | |
| [Họ và tên thành viên 3] | |
| [Họ và tên thành viên 4] | |
| [Họ và tên thành viên 5] | |

***

Anh/chị nhớ điền đầy đủ thông tin vào các phần [ ] nhé. Nếu anh/chị cần tôi hỗ trợ soạn thảo văn bản khác hoặc có thắc mắc về thao tác trên máy tính OneBee, anh cứ hỏi tôi."
gemma4:e2b-it-qat,n2-04,2,2,4,4,,,172.56,4.2,"Chào anh/chị, tôi sẽ soạn thảo biên bản họp theo đúng mẫu văn bản hành chính mà anh/chị yêu cầu.

Tuy nhiên, vì anh/chị chưa cung cấp tên cụ thể của Hợp tác xã, địa danh, tên các thành viên, và các chi tiết cụ thể về việc mua máy tính (như chủng loại, số lượng chính xác), tôi sẽ để các phần đó dưới dạng chỗ trống để anh/chị điền thông tin sau.

Anh/chị vui lòng điền các thông tin còn thiếu vào các phần trong ngoặc vuông [ ] nhé.

***

**CỘNG HÒA XÃ HỘI CHỦ NGHĨA VIỆT NAM**
**Độc lập - Tự do - Hạnh phúc**
***

**BIÊN BẢN HỌP BAN QUẢN TRỊ**
**Về việc thống nhất mua sắm máy tính mới**

*Số: [Số biên bản]/BBQT*

*Căn cứ vào [Căn cứ pháp lý hoặc quyết định họp trước đó, nếu có]*

Hôm nay, vào lúc [Giờ bắt đầu] ngày 25 tháng 9 năm 2026, tại [Địa điểm họp], Ban Quản trị Hợp tác xã [Tên HTX] đã tiến hành họp để thảo luận và thống nhất các nội dung sau:

**I. Thành phần tham dự:**
1. Tổng số thành viên Ban Quản trị: 5/5 thành viên.
2. Thành phần tham dự: Toàn thể các thành viên Ban Quản trị.

**II. Nội dung cuộc họp:**

1. **Nội dung 1: Đánh giá tình hình và nhu cầu trang thiết bị.**
    *   Ban Quản trị đã thảo luận về tình trạng trang thiết bị hiện tại của Hợp tác xã và nhận thấy nhu cầu nâng cấp máy tính để phục vụ công tác quản lý và hoạt động chung.

2. **Nội dung 2: Thống nhất mua sắm máy tính mới.**
    *   Sau khi thảo luận, Ban Quản trị đã thống nhất về việc mua sắm [Số lượng] máy tính mới để bổ sung cho hoạt động của Hợp tác xã.
    *   Các nội dung thống nhất bao gồm:
        *   Loại máy tính dự kiến mua: [Ví dụ: Máy tính để bàn/Laptop]
        *   Số lượng máy tính: 02 (Hai) bộ.
        *   Các yêu cầu kỹ thuật cơ bản: [Ví dụ: Cấu hình tối thiểu, mục đích sử dụng].
        *   Dự kiến kinh phí: [Số tiền dự kiến].

**III. Kết luận và Phân công thực hiện:**

1. Ban Quản trị thống nhất thông qua nội dung mua sắm 02 máy tính mới theo các nội dung đã nêu tại Mục II.
2. [Chức vụ người chịu trách nhiệm, ví dụ: Ông/Bà [Họ và tên người phụ trách]] chịu trách nhiệm lập hồ sơ đề nghị mua sắm và tiến hành các thủ tục cần thiết.

Biên bản được thông qua và thống nhất bởi toàn thể thành viên tham dự. Biên bản này được lập thành [Số] bản, có giá trị pháp lý như nhau.

| **THÀNH VIÊN BAN QUẢN TRỊ** | **NGƯỜI LẬP BIÊN BẢN** |
| :--- | :--- |
| (Ký và ghi rõ họ tên) | (Ký và ghi rõ họ tên) |
| [Họ và tên Thành viên 1] | [Họ và tên Người lập biên bản] |
| [Họ và tên Thành viên 2] | |
| [Họ và tên Thành viên 3] | |
| [Họ và tên Thành viên 4] | |
| [Họ và tên Thành viên 5] | |

***

**Lưu ý quan trọng:**

Anh/chị vui lòng kiểm tra lại các thông tin về kinh phí và thủ tục mua sắm với bộ phận kế toán hoặc văn bản chính thức của Hợp tác xã để đảm bảo tính pháp lý và chính xác trước khi sử dụng biên bản này."
gemma4:e2b-it-qat,n2-04,2,3,3,4,2 máy tính / hai máy tính,,58.75,10.2,"Chào anh/chị, tôi sẽ soạn thảo biên bản họp theo đúng văn phong hành chính và cấu trúc theo Nghị định 30/2020/NĐ-CP. Anh/chị vui lòng điền các thông tin còn thiếu vào các phần trong ngoặc vuông [].

***

**CỘNG HÒA XÃ HỘI CHỦ NGHĨA VIỆT NAM**
**Độc lập - Tự do - Hạnh phúc**
***

**BIÊN BẢN HỌP BAN QUẢN TRỊ [TÊN HỢP TÁC XÃ]**
Số: [Số biên bản]/BB-BQT

*Căn cứ vào Quyết định thành lập Ban Quản trị [Tên HTX] ngày [Ngày thành lập];*
*Căn cứ vào nội dung cuộc họp Ban Quản trị ngày 25 tháng 9 năm 2026.*

**I. THỜI GIAN VÀ ĐỊA ĐIỂM**

* **Thời gian:** [Giờ bắt đầu] giờ, ngày 25 tháng 9 năm 2026.
* **Địa điểm:** [Địa điểm họp, ví dụ: Hội trường HTX hoặc Văn phòng HTX].

**II. THÀNH PHẦN THAM DỰ**

Cuộc họp có sự tham dự của 5/5 thành viên Ban Quản trị, bao gồm:

1. [Họ và tên thành viên 1], Chức vụ: [Chức vụ].
2. [Họ và tên thành viên 2], Chức vụ: [Chức vụ].
3. [Họ và tên thành viên 3], Chức vụ: [Chức vụ].
4. [Họ và tên thành viên 4], Chức vụ: [Chức vụ].
5. [Họ và tên thành viên 5], Chức vụ: [Chức vụ].

**III. NỘI DUNG CUỘC HỌP**

**1. Nội dung thảo luận:**
Ban Quản trị tiến hành thảo luận về tình hình hoạt động của HTX và các vấn đề cần đầu tư trang thiết bị phục vụ công việc.

**2. Kết quả thảo luận và thống nhất:**
Sau khi xem xét các nhu cầu về công tác quản lý và vận hành, Ban Quản trị đã thống nhất về việc mua sắm trang thiết bị mới.

**3. Quyết định:**
Ban Quản trị thống nhất quyết định mua **02 (hai) máy tính mới** để phục vụ công tác quản lý và vận hành của HTX.

**4. Kế hoạch thực hiện:**
* [Người phụ trách/Bộ phận liên quan] chịu trách nhiệm lập dự toán chi tiết và tiến hành các thủ tục mua sắm theo quy định của HTX.
* Thời gian dự kiến hoàn thành việc mua sắm: [Ngày/Tháng/Năm].

**IV. KẾT LUẬN**

Biên bản được lập để ghi nhận nội dung cuộc họp và các quyết định đã thống nhất. Biên bản này được thông qua và có giá trị kể từ ngày ký.

**ĐẠI DIỆN BAN QUẢN TRỊ**
*(Ký và ghi rõ họ tên)*

| STT | Họ và Tên | Chức vụ | Chữ ký |
| :---: | :---: | :---: | :---: |
| 1 | [Họ và tên thành viên 1] | [Chức vụ] | |
| 2 | [Họ và tên thành viên 2] | [Chức vụ] | |
| 3 | [Họ và tên thành viên 3] | [Chức vụ] | |
| 4 | [Họ và tên thành viên 4] | [Chức vụ] | |
| 5 | [Họ và tên thành viên 5] | [Chức vụ] | |

**Nơi nhận:**
* Lưu hồ sơ Ban QLTX.
* Các thành viên Ban QLTX (để biết).

***

**Lưu ý của tôi:** Anh/chị cần kiểm tra lại các thông tin như tên HTX, chức vụ của thành viên và ngày tháng để đảm bảo tính chính xác của văn bản hành chính này. Nếu cần hỗ trợ soạn thảo các văn bản khác, anh/chị cứ cho tôi biết nhé."
gemma4:e2b-it-qat,n2-05,2,1,3,3,,,71.78,10.1,"Chào anh/chị, tôi có thể giúp anh/chị soạn thảo một bản tờ trình theo đúng văn phong hành chính mà anh/chị yêu cầu.

Tuy nhiên, vì tôi không có thông tin cụ thể về tên hợp tác xã, lý do chi tiết cần mua máy in, hay tên người ký, tôi sẽ soạn một **mẫu tờ trình chuẩn** theo quy định của Nghị định 30/2020/NĐ-CP. Anh/chị vui lòng điền các thông tin còn thiếu vào các phần trong ngoặc vuông [ ].

---

**CỘNG HÒA XÃ HỘI CHỦ NGHĨA VIỆT NAM**
**Độc lập - Tự do - Hạnh phúc**
***

[Tên Hợp tác xã]
Số: [Số tờ trình]/TTr-HTX

*Về việc: Xin kinh phí mua máy in phục vụ hoạt động văn phòng*

[Địa danh], ngày [Ngày] tháng [Tháng] năm [Năm]

**Kính gửi:** [Tên cơ quan/Người có thẩm quyền phê duyệt, ví dụ: Ban Giám đốc HTX, Hội đồng quản trị HTX].

**I. CĂN CỨ:**

Căn cứ vào nhu cầu thực tế về trang thiết bị văn phòng của [Tên Hợp tác xã] để phục vụ công tác hành chính, quản lý và giao dịch.

**II. NỘI DUNG ĐỀ NGHỊ:**

Tôi làm tờ trình này kính đề nghị [Tên cơ quan/Người có thẩm quyền phê duyệt] xem xét và phê duyệt kinh phí để mua một máy in mới cho văn phòng của Hợp tác xã.

1. **Sự cần thiết:** Hiện tại, [Nêu ngắn gọn lý do cần mua máy in, ví dụ: máy in hiện tại đã quá cũ/không đáp ứng được khối lượng công việc in ấn ngày càng tăng/cần máy in để phục vụ công tác lưu trữ hồ sơ...]. Việc trang bị máy in mới sẽ giúp [Nêu lợi ích cụ thể, ví dụ: tăng tốc độ in ấn, đảm bảo tính chuyên nghiệp trong giao tiếp với đối tác, tiết kiệm thời gian...].
2. **Dự kiến kinh phí:** Tôi kính đề nghị được cấp kinh phí với tổng số tiền là **15.000.000 đồng** (Mười lăm triệu đồng chẵn).

**III. KIẾN NGHỊ:**

Kính mong [Tên cơ quan/Người có thẩm quyền phê duyệt] xem xét và phê duyệt đề nghị này để Hợp tác xã sớm trang bị máy in, phục vụ tốt hơn cho hoạt động của đơn vị.

Tôi xin cam đoan nội dung trên là đúng sự thật.

**Người làm tờ trình**
*(Ký và ghi rõ họ tên)*

[Chức vụ của người làm tờ trình]
[Họ và tên người làm tờ trình]

**Nơi nhận:**
- [Tên cơ quan/Người có thẩm quyền phê duyệt] (để báo cáo);
- Lưu: [Tên phòng ban liên quan].

---

**Lưu ý quan trọng cho anh/chị:**

1.  Anh/chị cần điền đầy đủ các thông tin trong ngoặc vuông [ ] để tờ trình được hoàn chỉnh và chính xác.
2.  Về việc phê duyệt kinh phí 15.000.000 đồng, anh/chị nên kiểm tra lại với kế toán hoặc văn bản tài chính chính thức của HTX để đảm bảo đúng quy trình phê duyệt nội bộ.

Nếu anh/chị cần tôi hỗ trợ soạn thảo phần nội dung chi tiết hơn về lý do cần mua máy in (ví dụ: phân tích chi phí so sánh máy cũ và máy mới), anh/chị cứ cho tôi biết nhé."
gemma4:e2b-it-qat,n2-05,2,2,3,3,,,66.83,10.2,"Chào anh/chị, tôi sẽ giúp anh/chị soạn thảo bản Tờ trình xin kinh phí này theo đúng văn phong hành chính. Anh/chị cần điền các thông tin còn thiếu vào các phần trong ngoặc vuông [ ].

Đây là bản dự thảo Tờ trình xin kinh phí mua máy in cho văn phòng HTX.

***

**CỘNG HÒA XÃ HỘI CHỦ NGHĨA VIỆT NAM**
**Độc lập - Tự do - Hạnh phúc**
***

**[TÊN HTX]**
Số: [Số tờ trình]/TTr-HTX

*Về việc xin kinh phí mua máy in phục vụ công tác văn phòng*

[Địa danh], ngày [Ngày] tháng [Tháng] năm [Năm]

**Kính gửi:** [Tên cơ quan/Người có thẩm quyền phê duyệt, ví dụ: Ban Quản lý HTX, Hội đồng Quản trị HTX]

**I. CĂN CỨ XÂY DỰNG TỜ TRÌNH**

Căn cứ vào [Nêu các văn bản liên quan của HTX, ví dụ: Kế hoạch hoạt động năm 202X, tình hình thực tế sử dụng văn phòng hiện tại];

**II. SỰ CẦN THIẾT VÀ SỰ CẦN THIẾT CỦA VIỆC XIN KINH PHÍ**

1. **Hiện trạng:** Hiện tại, văn phòng [Tên HTX] đang sử dụng [Mô tả tình trạng máy in hiện tại, ví dụ: máy in cũ, không đáp ứng được nhu cầu in ấn số lượng lớn và kịp thời của các hoạt động quản lý, giao dịch hàng ngày].
2. **Sự cần thiết:** Việc trang bị một máy in mới sẽ giúp [Nêu rõ lợi ích cụ thể, ví dụ: tăng cường hiệu quả công tác hành chính, đảm bảo việc in ấn các văn bản, hợp đồng, báo cáo được thực hiện nhanh chóng, chính xác và chuyên nghiệp hơn, phục vụ tốt cho hoạt động sản xuất kinh doanh của HTX].
3. **Nội dung đề nghị:** Chúng tôi kính đề nghị được cấp kinh phí để mua [Loại máy in dự kiến, ví dụ: máy in đa chức năng] với tổng kinh phí là **15.000.000 đồng** (Bằng chữ: Mười lăm triệu đồng chẵn).

**III. DỰ TOÁN KINH PHÍ**

| STT | Nội dung | Đơn vị tính | Số lượng | Đơn giá dự kiến | Thành tiền |
| :---: | :--- | :---: | :---: | :---: | :---: |
| 1 | Máy in [Loại máy cụ thể] | Bộ | 1 | 15.000.000 | 15.000.000 |
| **TỔNG CỘNG** | | | | | **15.000.000** |

*Lưu ý: Số tiền trên là dự toán, chi tiết về chủng loại máy và nhà cung cấp sẽ được trình bày trong hồ sơ dự thầu chi tiết khi được phê duyệt.*

**IV. KIẾN NGHỊ**

Kính đề nghị [Tên cơ quan/Người có thẩm quyền phê duyệt] xem xét và phê duyệt kinh phí **15.000.000 đồng** để HTX có cơ sở trang bị máy in mới, phục vụ hiệu quả công tác quản lý và hoạt động của HTX.

Tôi xin cam đoan nội dung trên là đúng sự thật.

**Người lập tờ trình**
*(Ký và ghi rõ họ tên)*

[Chức vụ của người lập tờ trình]
[Họ và tên người lập tờ trình]

***

**Lưu ý quan trọng từ Trợ lý OneBee:**

1.  **Kiểm tra lại:** Anh/chị vui lòng kiểm tra lại các thông tin như [Tên HTX], [Địa danh], [Ngày tháng], và đặc biệt là **chức vụ của người lập tờ trình** trước khi trình ký.
2.  **Pháp lý và Tài chính:** Vì đây là vấn đề liên quan đến kinh phí và tài sản của HTX, anh/chị nên **kiểm tra lại nội dung này với kế toán hoặc văn bản chính thức** của HTX để đảm bảo tính hợp lệ về thủ tục tài chính.
3.  **Tiếp theo:** Sau khi có bản dự thảo này, anh/chị cần trình lên cấp có thẩm quyền để xin ý kiến phê duyệt.

Nếu anh/chị cần tôi giúp soạn thảo phần nào khác, xin cứ cho tôi biết nhé!"
gemma4:e2b-it-qat,n2-05,2,3,3,3,,,65.0,10.3,"Chào anh/chị, tôi sẽ giúp anh/chị soạn thảo tờ trình xin kinh phí này theo đúng định dạng văn bản hành chính.

Vì tôi không có thông tin cụ thể về tên hợp tác xã, lý do chi tiết cần mua máy in, hay người ký, tôi sẽ soạn một **mẫu tờ trình chuẩn**. Anh/chị vui lòng điền các thông tin còn thiếu vào các phần trong ngoặc vuông [ ] nhé.

---

**CỘNG HÒA XÃ HỘI CHỦ NGHĨA VIỆT NAM**
**Độc lập - Tự do - Hạnh phúc**
***

**[TÊN HỢP TÁC XÃ]**
Số: [Số tờ trình]/TTr-HTX

*Về việc: Xin kinh phí mua máy in phục vụ công tác văn phòng*

*[Địa danh]*, ngày [Ngày] tháng [Tháng] năm [Năm]

**Kính gửi:** [Tên cơ quan/Người có thẩm quyền phê duyệt, ví dụ: Ban Giám đốc HTX/Phòng Tài chính]

**I. CĂN CỨ XIN:**

Căn cứ vào nhu cầu thực tế về trang thiết bị văn phòng của [Tên Hợp tác xã] và kế hoạch hoạt động của đơn vị.

**II. NỘI DUNG XIN:**

Tôi làm tờ trình này kính đề nghị [Tên cơ quan/Người có thẩm quyền] xem xét và phê duyệt kinh phí để mua máy in phục vụ công tác văn phòng của Hợp tác xã.

1. **Nội dung đề nghị:** Mua [Loại máy in dự kiến, ví dụ: Máy in đa chức năng] để phục vụ công tác in ấn các văn bản hành chính, hồ sơ, báo cáo của Hợp tác xã.
2. **Nội dung kinh phí:** Tổng kinh phí dự kiến là **15.000.000 đồng** (Mười lăm triệu đồng chẵn).
3. **Sự cần thiết:** Việc trang bị máy in sẽ giúp Hợp tác xã:
    *   Tăng cường hiệu quả công tác hành chính, đảm bảo việc in ấn tài liệu kịp thời.
    *   Giảm thiểu thời gian chờ đợi, nâng cao tính chuyên nghiệp trong giao tiếp và làm việc với đối tác.
    *   [Anh/Chị vui lòng bổ sung lý do cụ thể khác nếu có, ví dụ: phục vụ công tác kế toán, lưu trữ hồ sơ...]

**III. KIẾN NGHỊ:**

Tôi kính đề nghị [Tên cơ quan/Người có thẩm quyền] xem xét, phê duyệt kinh phí **15.000.000 đồng** để Hợp tác xã sớm thực hiện việc mua sắm máy in theo nội dung trên.

Tôi xin cam đoan số kinh phí này sẽ được sử dụng đúng mục đích đã nêu trong tờ trình và sẽ có báo cáo quyết toán chi tiết sau khi hoàn thành việc mua sắm.

Xin trân trọng cảm ơn!

**NGƯỜI LẬP TỜ TRÌNH**
*(Ký và ghi rõ họ tên)*

[Chức vụ của người lập tờ trình]
[Họ và tên người lập tờ trình]

---

**Lưu ý quan trọng dành cho anh/chị:**

1.  **Kiểm tra lại:** Trước khi trình, anh/chị vui lòng kiểm tra lại các thông tin như tên Hợp tác xã, số tờ trình, và đảm bảo rằng việc đề xuất kinh phí này đã được kế toán hoặc các văn bản tài chính chính thức xác nhận.
2.  **Phần ký:** Anh/chị cần điền đầy đủ thông tin của người lập và chức vụ của người ký.
3.  **Phê duyệt:** Tờ trình này cần được trình lên cấp có thẩm quyền để xin phê duyệt kinh phí.

Nếu anh/chị cần tôi giúp soạn thảo phần giải trình chi tiết hơn về lợi ích của máy in, anh/chị cứ cho tôi biết nhé!"
gemma4:e2b-it-qat,n2-06,2,1,1,1,,,52.22,10.5,"Chào anh/chị,

Cơ quan nhà nước quy định thể thức văn bản hành chính theo **Nghị định 30/2020/NĐ-CP** về công tác văn thư.

Văn bản này quy định các yêu cầu về:

*   Quốc hiệu
*   Tiêu ngữ
*   Tên đơn vị
*   Số và ký hiệu văn bản
*   Địa danh và ngày tháng
*   Tên loại và trích yếu
*   Nội dung
*   Chức vụ và người ký
*   Nơi nhận

Nếu anh/chị cần thông tin chi tiết về một văn bản cụ thể, anh/chị nên kiểm tra lại với kế toán hoặc văn bản chính thức của cơ quan mình để đảm bảo tính pháp lý."
gemma4:e2b-it-qat,n2-06,2,2,1,1,,,33.86,10.7,"Chào anh/chị,

Cơ quan nhà nước quy định thể thức văn bản hành chính theo **Nghị định 30/2020/NĐ-CP** về công tác văn thư."
gemma4:e2b-it-qat,n2-06,2,3,1,1,,,39.11,10.6,"Chào anh/chị,

Cơ quan nhà nước quy định thể thức văn bản hành chính theo **Nghị định 30/2020/NĐ-CP về công tác văn thư**."
gemma4:e2b-it-qat,n2-07,2,1,3,3,,,55.8,10.3,"Chào anh/chị, tôi sẽ soạn giúp anh/chị một bản email ngắn để xác nhận đơn hàng này. Anh/chị có thể sao chép nội dung dưới đây và gửi đi ạ.

***

**Tiêu đề:** Xác nhận đơn đặt hàng xoài - [Tên Khách hàng/Đơn hàng]

**Kính gửi [Tên Khách hàng],**

Tôi xin xác nhận đơn đặt hàng của anh/chị như sau:

*   **Sản phẩm:** Xoài
*   **Số lượng:** 200 kg
*   **Ngày giao hàng dự kiến:** 05/10/2026

Chúng tôi sẽ tiến hành chuẩn bị đơn hàng theo đúng tiến độ đã hẹn.

Nếu anh/chị cần thêm thông tin gì, xin vui lòng liên hệ với tôi.

Trân trọng,

[Tên của anh/chị hoặc Tên đơn vị]
[Số điện thoại của anh/chị]

***

Anh/chị nhớ kiểm tra lại các thông tin như tên khách hàng và số điện thoại trước khi gửi nhé. Nếu có bất kỳ vấn đề gì về thủ tục thanh toán hay pháp lý liên quan đến đơn hàng này, anh/chị nên kiểm tra lại với kế toán hoặc văn bản chính thức của đơn vị mình."
gemma4:e2b-it-qat,n2-07,2,2,3,3,,,55.78,10.4,"Chào anh/chị, tôi sẽ soạn giúp anh/chị nội dung email xác nhận đơn hàng này. Anh/chị chỉ cần sao chép và điền thông tin liên hệ của đơn vị mình vào các chỗ [dấu ngoặc vuông] nhé.

***

**Tiêu đề:** Xác nhận đơn đặt hàng xoài – Đơn hàng số [Điền số đơn hàng]

**Kính gửi [Tên Khách hàng],**

Tôi xin xác nhận đơn đặt hàng của anh/chị như sau:

*   **Sản phẩm:** Xoài
*   **Số lượng:** 200 kg
*   **Ngày giao hàng dự kiến:** 05/10/2026

Chúng tôi sẽ tiến hành chuẩn bị đơn hàng theo đúng thời gian đã hẹn.

Nếu có bất kỳ thắc mắc nào, anh/chị vui lòng liên hệ lại với tôi qua [Số điện thoại của đơn vị] để được hỗ trợ.

Xin chân thành cảm ơn sự hợp tác của anh/chị.

Trân trọng,

[Tên của anh/chị hoặc Tên đơn vị]
[Chức vụ]
[Số điện thoại]

***

Anh/chị có cần tôi giúp anh/chị soạn thảo văn bản hành chính nào khác không?"
gemma4:e2b-it-qat,n2-07,2,3,3,3,,,43.97,10.4,"Chào anh/chị, tôi sẽ soạn giúp anh/chị một email xác nhận đơn hàng ngắn gọn và chuyên nghiệp như sau. Anh/chị chỉ cần điền các thông tin còn thiếu vào các phần trong ngoặc vuông [ ].

***

**Tiêu đề:** Xác nhận đơn đặt hàng xoài - Đơn hàng số [Số đơn hàng]

**Kính gửi:** [Tên khách hàng]

Tôi xin xác nhận đơn đặt hàng của anh/chị như sau:

*   **Sản phẩm:** Xoài
*   **Số lượng:** 200 kg
*   **Ngày giao hàng dự kiến:** 05/10/2026

Chúng tôi đã tiếp nhận đơn hàng và sẽ tiến hành chuẩn bị theo đúng tiến độ đã hẹn.

Nếu có bất kỳ thay đổi nào về đơn hàng, anh/chị vui lòng liên hệ lại với tôi qua [Số điện thoại của bạn] để được hỗ trợ.

Xin chân thành cảm ơn anh/chị đã tin tưởng.

Trân trọng,

[Tên của bạn/Đơn vị của bạn]
[Chức vụ của bạn]
[Số điện thoại của bạn]"
gemma4:e2b-it-qat,n2-08,2,1,3,3,,,49.28,10.3,"Chào anh/chị, tôi xin soạn giúp anh/chị lời nhắc ngắn như sau:

**Lời nhắc gửi xã viên:**

""Kính gửi các xã viên,

Tôi xin nhắc các anh/chị về việc nộp phí dịch vụ quý III.

Thời hạn chót để hoàn tất việc nộp phí là trước ngày 15/10/2026.

Rất mong các anh/chị sắp xếp thời gian thực hiện đúng hạn.

Trân trọng."""
gemma4:e2b-it-qat,n2-08,2,2,3,3,,,45.32,10.4,"Chào anh/chị, tôi xin gửi anh/chị lời nhắc ngắn như sau:

Anh/chị vui lòng nộp phí dịch vụ quý III trước ngày 15/10/2026 nhé.

Cảm ơn anh/chị."
gemma4:e2b-it-qat,n2-08,2,3,3,3,,,45.07,10.4,"Chào anh/chị, tôi xin soạn giúp anh/chị lời nhắc ngắn như sau:

**Mẫu 1 (Ngắn gọn, thân mật):**

""Kính gửi toàn thể xã viên,

Tôi xin nhắc nhở anh/chị về việc nộp phí dịch vụ quý III. Thời hạn cuối là ngày 15/10/2026. Rất mong anh/chị sắp xếp hoàn tất đúng hạn để đảm bảo quyền lợi.

Trân trọng.""

**Mẫu 2 (Trang trọng hơn):**

""Thông báo nhắc nhở:

Kính gửi các xã viên,

Đề nghị anh/chị thực hiện nộp phí dịch vụ quý III trước ngày 15/10/2026.

Xin cảm ơn sự hợp tác của anh/chị.""

Anh/chị có muốn tôi điều chỉnh nội dung nào khác không?"
gemma4:e2b-it-qat,n3-01,3,1,3,3,,,71.21,10.3,"Chào anh/chị, tôi xin tóm tắt đoạn thông tin trên thành 3 ý chính như sau:

1.  **Hoạt động kinh doanh Quý III/2026:** Hợp tác xã OneBee đã thu mua 42 tấn xoài từ 36 hộ xã viên và bán sản phẩm cho 3 siêu thị tại TP. Hồ Chí Minh.
2.  **Kết quả tài chính:** Doanh thu đạt 1,26 tỷ đồng, đạt mức tăng 18% so với quý II.
3.  **Khó khăn và kế hoạch tương lai:** Khó khăn lớn nhất là thiếu kho lạnh, dẫn đến việc khoảng 2 tấn xoài bị hỏng. Trong Quý IV, HTX dự kiến sẽ thuê thêm kho lạnh với diện tích 50 m².

***

*Lưu ý: Vì thông tin này liên quan đến doanh thu và tài chính, anh/chị nên kiểm tra lại các số liệu này với kế toán hoặc văn bản chính thức của Hợp tác xã để đảm bảo tính chính xác.*"
gemma4:e2b-it-qat,n3-01,3,2,3,3,,,52.01,10.4,"Chào anh/chị, tôi xin tóm tắt đoạn thông tin trên trong 3 ý như sau:

1. **Kết quả kinh doanh Quý III/2026:** Hợp tác xã OneBee đã thu mua 42 tấn xoài từ 36 hộ xã viên và bán cho 3 siêu thị tại TP. Hồ Chí Minh, đạt doanh thu 1,26 tỷ đồng, tăng 18% so với quý II.
2. **Khó khăn gặp phải:** Khó khăn lớn nhất là thiếu kho lạnh, dẫn đến việc khoảng 2 tấn xoài bị hỏng.
3. **Kế hoạch cho Quý IV:** Hợp tác xã dự kiến sẽ thuê thêm kho lạnh với diện tích 50 m² trong Quý IV."
gemma4:e2b-it-qat,n3-01,3,3,3,3,,,47.15,10.4,"Chào anh/chị, tôi xin tóm tắt đoạn thông tin trên trong 3 ý như sau:

1. **Kết quả kinh doanh Quý III/2026:** Hợp tác xã OneBee đã thu mua 42 tấn xoài từ 36 hộ xã viên và bán cho 3 siêu thị tại TP. Hồ Chí Minh, đạt doanh thu 1,26 tỷ đồng, tăng 18% so với quý II.
2. **Khó khăn gặp phải:** Khó khăn lớn nhất là thiếu kho lạnh, dẫn đến việc khoảng 2 tấn xoài bị hỏng.
3. **Kế hoạch cho Quý IV:** Hợp tác xã dự kiến sẽ thuê thêm kho lạnh với diện tích 50 m² trong Quý IV."
gemma4:e2b-it-qat,n3-02,3,1,3,3,,,46.19,10.4,"Chào anh/chị, đoạn văn đó nói về kế hoạch Quý IV như sau:

1.  HTX dự kiến thuê thêm kho lạnh với diện tích 50 m².
2.  HTX dự kiến mở rộng việc thu mua sang bưởi da xanh."
gemma4:e2b-it-qat,n3-02,3,2,3,3,,,36.36,10.5,"Chào anh/chị, đoạn văn đó nói về kế hoạch của HTX OneBee trong Quý IV như sau:

1.  Dự kiến thuê thêm kho lạnh với diện tích 50 m².
2.  Dự kiến mở rộng hoạt động thu mua sang bưởi da xanh."
gemma4:e2b-it-qat,n3-02,3,3,3,3,,,36.8,10.5,"Chào anh/chị, đoạn văn đó nói về kế hoạch của HTX OneBee trong Quý IV như sau:

1.  Dự kiến thuê thêm kho lạnh với diện tích 50 m².
2.  Dự kiến mở rộng hoạt động thu mua sang bưởi da xanh."
gemma4:e2b-it-qat,n3-03,3,1,5,5,,,78.2,10.3,"Chào anh/chị, tôi đã rút ra các việc cần làm từ biên bản thống nhất của Ban quản trị như sau:

Anh/chị vui lòng thực hiện các nhiệm vụ sau:

1. **Chị Lan:** Lập danh sách hộ giao xoài tháng 10.
    *   **Thời hạn:** Trước ngày 30/9.
2. **Anh Hùng:** Liên hệ 2 đơn vị cho thuê kho lạnh để báo giá.
    *   **Thời hạn:** Trước ngày 5/10.
3. **Kế toán:** Thực hiện quyết toán phí quý III.

Anh/chị nhớ kiểm tra lại các vấn đề liên quan đến tiền bạc và quyết toán phí với kế toán hoặc văn bản chính thức để đảm bảo tính chính xác nhé."
gemma4:e2b-it-qat,n3-03,3,2,5,5,,,47.29,10.5,"Chào anh/chị, tôi đã rút ra các việc cần làm từ biên bản như sau:

Đây là các nhiệm vụ mà Ban quản trị đã thống nhất:

1.  **Chị Lan:** Lập danh sách các hộ giao xoài tháng 10.
    *   **Thời hạn:** Trước ngày 30/9.
2.  **Anh Hùng:** Liên hệ với 2 đơn vị cho thuê kho lạnh để báo giá.
    *   **Thời hạn:** Trước ngày 5/10.
3.  **Kế toán:** Thực hiện quyết toán phí quý III.

Anh/chị cần kiểm tra lại với kế toán để nắm rõ chi tiết về việc quyết toán phí quý III nhé."
gemma4:e2b-it-qat,n3-03,3,3,5,5,,,48.44,10.3,"Chào anh/chị, tôi đã rút ra các việc cần làm từ biên bản như sau:

Anh/chị vui lòng thực hiện các công việc sau:

1.  **Chị Lan:** Lập danh sách hộ giao xoài tháng 10, thời hạn hoàn thành là trước ngày 30/9.
2.  **Anh Hùng:** Liên hệ với 2 đơn vị cho thuê kho lạnh để báo giá, thời hạn báo giá là trước ngày 5/10.
3.  **Kế toán:** Thực hiện quyết toán phí quý III.

Nếu anh/chị cần hỗ trợ thêm về việc thực hiện các bước này trên máy tính, anh/chị cứ hỏi tôi nhé!"
gemma4:e2b-it-qat,n3-04,3,1,2,2,,,42.15,10.4,"Tôi xin tóm tắt lại như sau: Do mưa lớn, lịch giao hàng ngày 12/10 cho siêu thị A được dời sang ngày 14/10 với số lượng 3 tấn, và tài xế đề nghị xuất phát lúc 4 giờ sáng để tránh kẹt xe."
gemma4:e2b-it-qat,n3-04,3,2,2,2,,,25.26,10.5,"Do mưa lớn, lịch giao hàng cho siêu thị A được dời từ ngày 12/10 sang 14/10 với số lượng 3 tấn, và tài xế đề nghị xuất phát lúc 4 giờ sáng để tránh kẹt xe."
gemma4:e2b-it-qat,n3-04,3,3,2,2,,,43.2,10.4,"Tôi xin tóm tắt lại một câu như sau: Do mưa lớn kéo dài, lịch giao hàng 3 tấn cho siêu thị A đã được dời từ ngày 12/10 sang ngày 14/10, và tài xế đề nghị xuất phát lúc 4 giờ sáng để tránh kẹt xe."
gemma4:e2b-it-qat,n3-05,3,1,1,1,,,42.33,10.3,"Tôi không có thông tin về giá bán trong đoạn văn anh/chị cung cấp. Đoạn văn chỉ nêu thông tin về việc giao hàng, số lượng, ngày giao và phương thức thanh toán.

Nếu anh/chị cần thông tin về giá, anh/chị nên kiểm tra lại với bộ phận kế toán hoặc văn bản hợp đồng chính thức."
gemma4:e2b-it-qat,n3-05,3,2,1,1,,,34.66,10.4,"Tôi không có thông tin về giá bán trong đoạn văn này.

Để biết giá bán, anh/chị vui lòng kiểm tra lại với người đã giao dịch hoặc bộ phận kế toán của HTX OneBee nhé."
gemma4:e2b-it-qat,n3-05,3,3,1,1,,,38.95,10.3,"Tôi không có thông tin về giá bán trong đoạn văn anh/chị cung cấp.

Đoạn văn này chỉ nêu thông tin về:
*   Số lượng giao hàng: 3 tấn xoài cát Hòa Lộc.
*   Thời gian giao hàng: ngày 14/10.
*   Cách đóng gói: đóng thùng 10 kg.
*   Phương thức thanh toán: chuyển khoản sau 15 ngày.

Nếu anh/chị cần thông tin về giá, anh/chị nên kiểm tra lại với người đã giao dịch hoặc kế toán của HTX OneBee."
gemma4:e2b-it-qat,n3-06,3,1,3,3,,,62.37,10.4,"Chào anh/chị, tôi xin tóm tắt ý kiến của các xã viên như sau:

1.  **Ông Tám:** Đề xuất tăng giá thu mua thêm 1.000 đồng/kg.
2.  **Bà Sáu:** Đề nghị thời hạn thanh toán là 7 ngày thay vì 15 ngày.
3.  **Anh Tư:** Đồng ý với mức giá cũ nhưng cần HTX hỗ trợ về thùng đóng hàng.

Nếu anh/chị cần làm văn bản chính thức về nội dung này, anh/chị vui lòng kiểm tra lại với kế toán hoặc văn bản chính thức của HTX để đảm bảo tính pháp lý."
gemma4:e2b-it-qat,n3-06,3,2,3,3,,,33.09,10.5,"Chào anh/chị, tôi xin tóm tắt ý kiến của các xã viên như sau:

1.  **Ông Tám:** Đề xuất tăng giá thu mua thêm 1.000 đồng/kg.
2.  **Bà Sáu:** Đề nghị thời hạn thanh toán là 7 ngày thay vì 15 ngày.
3.  **Anh Tư:** Đồng ý với mức giá cũ nhưng yêu cầu Hợp tác xã hỗ trợ thùng đóng hàng.

Anh/chị cần tôi hỗ trợ thêm thông tin gì nữa không ạ?"
gemma4:e2b-it-qat,n3-06,3,3,3,3,,,39.08,10.4,"Chào anh/chị, tôi xin tóm tắt ý kiến của các xã viên như sau:

1.  **Ông Tám:** Đề xuất tăng giá thu mua thêm 1.000 đồng/kg.
2.  **Bà Sáu:** Đề nghị thời hạn thanh toán là 7 ngày thay vì 15 ngày.
3.  **Anh Tư:** Đồng ý với mức giá cũ nhưng cần HTX hỗ trợ về thùng đóng hàng.

Anh/chị cần làm rõ các vấn đề này với Ban quản lý hoặc kế toán để có quyết định chính thức nhé."
gemma4:e2b-it-qat,n3-07,3,1,6,6,,,45.78,10.5,"Tôi xin trả lời như sau:

*   **Chị Mai** chịu trách nhiệm việc **sổ sách thu chi**.
*   **Anh Khoa** chịu trách nhiệm việc **xe giao hàng**.
*   **Chị Hạnh** chịu trách nhiệm việc **liên hệ khách hàng mới**."
gemma4:e2b-it-qat,n3-07,3,2,6,6,,,37.88,10.6,"Chào anh/chị, dựa trên đoạn thông tin anh/chị cung cấp, tôi xin tóm tắt trách nhiệm như sau:

1.  **Chị Mai:** Phụ trách sổ sách thu chi.
2.  **Anh Khoa:** Phụ trách xe giao hàng.
3.  **Chị Hạnh:** Phụ trách liên hệ khách hàng mới.

Nếu anh/chị cần thêm thông tin về các công việc khác, anh/chị có thể hỏi người quản lý hoặc liên hệ trực tiếp với các anh/chị đó."
gemma4:e2b-it-qat,n3-07,3,3,6,6,,,35.48,10.6,"Chào anh/chị, dựa trên đoạn thông tin anh/chị cung cấp, tôi xin trả lời như sau:

*   **Chị Mai** chịu trách nhiệm về việc **sổ sách thu chi**.
*   **Anh Khoa** chịu trách nhiệm về việc **xe giao hàng**.
*   **Chị Hạnh** chịu trách nhiệm về việc **liên hệ khách hàng mới**.

Anh/chị cần làm rõ thêm nếu có bất kỳ thắc mắc nào khác nhé."
gemma4:e2b-it-qat,n3-08,3,1,4,4,,(đến|-|–) ?(1 giờ 30 chiều|13 giờ 30|13h30|13:30),49.55,10.0,"Chào anh/chị, tôi xin tóm tắt thông báo như sau:

Kể từ ngày **1/11/2026**, lịch làm việc của văn phòng HTX sẽ thay đổi như sau:

1.  **Giờ làm việc chính:** Từ 7 giờ 30 sáng đến 4 giờ 30 chiều.
2.  **Nghỉ trưa:** Từ 11 giờ 30 sáng đến 1 giờ 30 chiều.
3.  **Làm việc Thứ Bảy:** Làm việc vào buổi sáng.
4.  **Nghỉ Chủ nhật:** Nghỉ.

Anh/chị lưu ý thông tin này để sắp xếp công việc nhé."
gemma4:e2b-it-qat,n3-08,3,2,4,4,,,49.48,10.6,"Chào anh/chị, tôi xin tóm tắt thông báo như sau:

Kể từ ngày **1/11/2026**, văn phòng HTX sẽ có lịch làm việc mới như sau:

1.  **Giờ làm việc chính:** Từ 7 giờ 30 đến 16 giờ 30.
2.  **Nghỉ trưa:** Từ 11 giờ 30 đến 13 giờ.
3.  **Lịch làm việc cuối tuần:** Làm buổi sáng thứ Bảy, nghỉ Chủ nhật.

Anh/chị vui lòng lưu ý lịch làm việc mới này."
gemma4:e2b-it-qat,n3-08,3,3,4,4,,,53.77,10.5,"Chào anh/chị, tôi xin tóm tắt thông báo về giờ làm việc mới như sau:

Kể từ ngày **1/11/2026**, văn phòng HTX sẽ có lịch làm việc cụ thể như sau:

1.  **Giờ làm việc chính (Thứ Hai đến Thứ Sáu):** Từ **7 giờ 30** đến **16 giờ 30**.
2.  **Giờ nghỉ trưa:** Từ **11 giờ 30** đến **13 giờ 00**.
3.  **Lịch làm việc Thứ Bảy:** Làm việc vào buổi sáng.
4.  **Lịch nghỉ Chủ nhật:** Nghỉ.

Anh/chị vui lòng lưu ý lịch làm việc mới này. Nếu có bất kỳ thắc mắc nào về các vấn đề liên quan đến thời gian làm việc hoặc chế độ, anh/chị nên kiểm tra lại với kế toán hoặc văn bản chính thức của đơn vị."
gemma4:e2b-it-qat,n4-01,4,1,1,1,,,57.42,10.4,"Chào anh/chị, tôi sẽ giúp anh/chị tính tổng số lượng xoài.

Để tính tổng số kg xoài, tôi sẽ cộng số lượng xoài của các khách hàng mua xoài lại:

1.  Số lượng xoài từ Siêu thị A: 500 kg
2.  Số lượng xoài từ Quán C: 100 kg

Phép tính: $500 \text{ kg} + 100 \text{ kg} = 600 \text{ kg}$

Tổng số kg xoài là **600 kg**."
gemma4:e2b-it-qat,n4-01,4,2,1,1,,,53.69,10.5,"Chào anh/chị, tôi đã tính giúp anh/chị ạ.

Tổng số kg xoài là:

1.  Lấy số lượng xoài từ Siêu thị A: 500 kg
2.  Lấy số lượng xoài từ Quán C: 100 kg
3.  Cộng lại: $500 \text{ kg} + 100 \text{ kg} = 600 \text{ kg}$

Tổng số kg xoài là **600 kg**.

Nếu anh/chị cần tính tổng giá trị đơn hàng, anh/chị vui lòng kiểm tra lại với kế toán hoặc văn bản chính thức nhé."
gemma4:e2b-it-qat,n4-01,4,3,1,1,,,50.76,10.5,"Chào anh/chị, tôi sẽ giúp anh/chị tính tổng số kg xoài từ bảng đơn hàng này ạ.

Đây là các bước tính tổng số kg xoài:

1.  Tìm số lượng xoài của Siêu thị A: 500 kg.
2.  Tìm số lượng xoài của Quán C: 100 kg.
3.  Cộng số lượng xoài lại: $500 \text{ kg} + 100 \text{ kg} = 600 \text{ kg}$.

Tổng số kg xoài là **600 kg**."
gemma4:e2b-it-qat,n4-02,4,1,1,1,,,70.12,10.5,"Chào anh/chị, tôi sẽ giúp anh/chị tính tổng số tiền mà Siêu thị A phải trả.

Tôi sẽ thực hiện các bước tính như sau:

1.  **Tính tiền mua Xoài tại Siêu thị A:**
    *   Số lượng: 500 kg
    *   Đơn giá: 30.000 đồng/kg
    *   Phép tính: $500 \times 30.000 = 15.000.000$ đồng.

2.  **Tính tiền mua Bưởi tại Siêu thị A:**
    *   Số lượng: 300 kg
    *   Đơn giá: 25.000 đồng/kg
    *   Phép tính: $300 \times 25.000 = 7.500.000$ đồng.

3.  **Tính tổng số tiền Siêu thị A phải trả:**
    *   Phép tính: $15.000.000 + 7.500.000 = 22.500.000$ đồng.

Vậy, Siêu thị A phải trả tổng cộng **22.500.000 đồng**.

Anh/chị có cần tôi giúp gì thêm không?"
gemma4:e2b-it-qat,n4-02,4,2,1,1,,,61.21,10.3,"Chào anh/chị, tôi sẽ giúp anh/chị tính tổng số tiền Siêu thị A phải trả.

Tôi sẽ tính chi tiết như sau:

1.  **Tính tiền mua Xoài (Siêu thị A):**
    *   Phép tính: $500 \text{ (kg)} \times 30.000 \text{ (đồng/kg)} = 15.000.000 \text{ (đồng)}$

2.  **Tính tiền mua Bưởi (Siêu thị A):**
    *   Phép tính: $300 \text{ (kg)} \times 25.000 \text{ (đồng/kg)} = 7.500.000 \text{ (đồng)}$

3.  **Tính tổng số tiền Siêu thị A phải trả:**
    *   Phép tính: $15.000.000 \text{ (đồng)} + 7.500.000 \text{ (đồng)} = 22.500.000 \text{ (đồng)}$

Vậy, Siêu thị A phải trả tổng cộng **22.500.000 đồng**.

Anh/chị nhớ kiểm tra lại các số liệu này với kế toán hoặc văn bản chính thức để đảm bảo tính chính xác về tài chính nhé."
gemma4:e2b-it-qat,n4-02,4,3,1,1,,,63.8,10.4,"Chào anh/chị, tôi sẽ giúp anh/chị tính tổng số tiền mà Siêu thị A phải trả.

Tôi sẽ thực hiện các bước tính như sau:

1.  **Tính tiền mua Xoài cho Siêu thị A:**
    *   Số lượng: 500 kg
    *   Đơn giá: 30.000 đồng/kg
    *   Phép tính: $500 \times 30.000 = 15.000.000$ đồng.

2.  **Tính tiền mua Bưởi cho Siêu thị A:**
    *   Số lượng: 300 kg
    *   Đơn giá: 25.000 đồng/kg
    *   Phép tính: $300 \times 25.000 = 7.500.000$ đồng.

3.  **Tính tổng số tiền Siêu thị A phải trả:**
    *   Phép tính: $15.000.000 + 7.500.000 = 22.500.000$ đồng.

Vậy, Siêu thị A phải trả tổng cộng **22.500.000 đồng**.

Anh/chị nhớ kiểm tra lại các con số này với kế toán hoặc văn bản chính thức để đảm bảo tính chính xác nhé."
gemma4:e2b-it-qat,n4-03,4,1,2,2,,,65.14,10.3,"Chào anh/chị, tôi đã xem bảng đơn hàng của anh/chị.

Để tìm khách hàng mua với đơn giá cao nhất, tôi đã so sánh các đơn giá (đồng/kg) trong bảng:

1.  Siêu thị A (Xoài): 30.000 đồng/kg
2.  Cửa hàng B (Bưởi): 25.000 đồng/kg
3.  Siêu thị A (Bưởi): 25.000 đồng/kg
4.  Quán C (Xoài): 32.000 đồng/kg

Đơn giá cao nhất là **32.000 đồng/kg**, và khách hàng mua với đơn giá này là **Quán C**."
gemma4:e2b-it-qat,n4-03,4,2,2,2,,,56.9,10.4,"Chào anh/chị, tôi đã xem bảng đơn hàng của anh/chị.

Khách hàng mua với đơn giá cao nhất là **Quán C** với đơn giá **32.000 đồng/kg**."
gemma4:e2b-it-qat,n4-03,4,3,2,2,,,53.8,10.3,"Chào anh/chị, tôi đã xem bảng đơn hàng của anh/chị.

Để tìm khách hàng mua với đơn giá cao nhất, tôi sẽ so sánh các đơn giá (đồng/kg) trong bảng:

1.  Đơn giá của Siêu thị A (Xoài): 30.000 đồng/kg
2.  Đơn giá của Cửa hàng B (Bưởi): 25.000 đồng/kg
3.  Đơn giá của Siêu thị A (Bưởi): 25.000 đồng/kg
4.  Đơn giá của Quán C (Xoài): 32.000 đồng/kg

So sánh các con số trên, đơn giá cao nhất là **32.000 đồng/kg**.

Khách hàng mua với đơn giá cao nhất là **Quán C** (mua Xoài với đơn giá 32.000 đồng/kg)."
gemma4:e2b-it-qat,n4-04,4,1,1,1,,,90.27,10.4,"Chào anh/chị, tôi đã tính tổng doanh thu cả tuần dựa trên bảng đơn hàng anh/chị cung cấp.

Tôi sẽ tính doanh thu của từng mặt hàng như sau:

1.  **Siêu thị A - Xoài:** $500 \text{ kg} \times 30.000 \text{ đồng/kg} = 15.000.000 \text{ đồng}$
2.  **Cửa hàng B - Bưởi:** $200 \text{ kg} \times 25.000 \text{ đồng/kg} = 5.000.000 \text{ đồng}$
3.  **Siêu thị A - Bưởi:** $300 \text{ kg} \times 25.000 \text{ đồng/kg} = 7.500.000 \text{ đồng}$
4.  **Quán C - Xoài:** $100 \text{ kg} \times 32.000 \text{ đồng/kg} = 3.200.000 \text{ đồng}$

**Tổng doanh thu cả tuần là:**
$15.000.000 + 5.000.000 + 7.500.000 + 3.200.000 = 30.700.000 \text{ đồng}$

Tổng doanh thu cả tuần của anh/chị là **30.700.000 đồng**.

Nếu anh/chị cần tôi thực hiện các thao tác khác trên máy tính, anh/chị cứ cho tôi biết nhé."
gemma4:e2b-it-qat,n4-04,4,2,1,1,,,57.52,10.2,"Chào anh/chị, tôi sẽ giúp anh/chị tính tổng doanh thu cả tuần này.

Tôi đã tính toán như sau:

1.  **Siêu thị A (Xoài):** 500 kg $\times$ 30.000 đồng/kg = 15.000.000 đồng
2.  **Cửa hàng B (Bưởi):** 200 kg $\times$ 25.000 đồng/kg = 5.000.000 đồng
3.  **Siêu thị A (Bưởi):** 300 kg $\times$ 25.000 đồng/kg = 7.500.000 đồng
4.  **Quán C (Xoài):** 100 kg $\times$ 32.000 đồng/kg = 3.200.000 đồng

**Tổng doanh thu cả tuần là:**
15.000.000 + 5.000.000 + 7.500.000 + 3.200.000 = **30.700.000 đồng**

Anh/chị vui lòng kiểm tra lại với kế toán hoặc văn bản chính thức để xác nhận lại số liệu này nhé."
gemma4:e2b-it-qat,n4-04,4,3,1,1,,,69.99,10.4,"Chào anh/chị, tôi sẽ giúp anh/chị tính tổng doanh thu cả tuần này.

Tôi đã tính toán như sau:

1.  **Siêu thị A - Xoài:** 500 kg $\times$ 30.000 đồng/kg = 15.000.000 đồng
2.  **Cửa hàng B - Bưởi:** 200 kg $\times$ 25.000 đồng/kg = 5.000.000 đồng
3.  **Siêu thị A - Bưởi:** 300 kg $\times$ 25.000 đồng/kg = 7.500.000 đồng
4.  **Quán C - Xoài:** 100 kg $\times$ 32.000 đồng/kg = 3.200.000 đồng

**Tổng doanh thu cả tuần là:**
$15.000.000 + 5.000.000 + 7.500.000 + 3.200.000 = 30.700.000$ đồng.

Tổng doanh thu cả tuần là **30.700.000 đồng**.

Nếu anh/chị có bất kỳ thắc mắc nào về các khoản tiền này, anh/chị nên kiểm tra lại với kế toán hoặc văn bản chính thức để đảm bảo tính chính xác về mặt tài chính."
gemma4:e2b-it-qat,n4-05,4,1,2,2,,,42.29,10.6,"Chào anh/chị, tôi sẽ giúp anh/chị tính toán các số liệu này.

Dựa trên số liệu anh/chị cung cấp:
*   Tháng 7: 12 tấn
*   Tháng 8: 15 tấn
*   Tháng 9: 15 tấn

**1. Tính sản lượng thu mua theo quý III:**

Tôi sẽ cộng sản lượng của cả ba tháng lại:
$$12 \text{ tấn} + 15 \text{ tấn} + 15 \text{ tấn} = 42 \text{ tấn}$$

Vậy, sản lượng thu mua theo quý III là **42 tấn**.

**2. Tính trung bình mỗi tháng của quý III:**

Tôi sẽ lấy tổng sản lượng quý III chia cho số tháng trong quý III (là 3 tháng):
$$\text{Trung bình mỗi tháng} = \frac{42 \text{ tấn}}{3 \text{ tháng}} = 14 \text{ tấn/tháng}$$

Vậy, trung bình mỗi tháng của quý III là **14 tấn**."
gemma4:e2b-it-qat,n4-05,4,2,2,2,,,45.05,10.5,"Chào anh/chị, tôi sẽ giúp anh/chị tính toán các số liệu này.

**1. Tính sản lượng thu mua theo tháng:**

*   Tháng 7: 12 tấn
*   Tháng 8: 15 tấn
*   Tháng 9: 15 tấn

**2. Tính tổng sản lượng quý III:**

Tôi thực hiện phép cộng:
$12 + 15 + 15 = 42$ (tấn)

**Tổng sản lượng quý III là 42 tấn.**

**3. Tính trung bình mỗi tháng quý III:**

Tôi thực hiện phép chia:
$42 \div 3 = 14$ (tấn)

**Trung bình mỗi tháng quý III là 14 tấn.**

Anh/chị có cần tôi giúp gì thêm không ạ?"
gemma4:e2b-it-qat,n4-05,4,3,2,2,,,44.37,10.5,"Chào anh/chị, tôi sẽ giúp anh/chị tính toán thông tin này.

Dựa trên số liệu anh/chị cung cấp:
*   Tháng 7: 12 tấn
*   Tháng 8: 15 tấn
*   Tháng 9: 15 tấn

**1. Tính tổng sản lượng thu mua theo quý III:**

Tôi sẽ cộng sản lượng của cả ba tháng lại:
$12 \text{ tấn} + 15 \text{ tấn} + 15 \text{ tấn} = 42 \text{ tấn}$

Tổng sản lượng thu mua theo quý III là **42 tấn**.

**2. Tính trung bình mỗi tháng của quý III:**

Tôi sẽ lấy tổng sản lượng chia cho số tháng trong quý III (là 3 tháng):
$42 \text{ tấn} \div 3 \text{ tháng} = 14 \text{ tấn/tháng}$

Trung bình mỗi tháng của quý III là **14 tấn**.

Anh/chị có cần tôi hỗ trợ thêm việc gì không ạ?"
gemma4:e2b-it-qat,n4-06,4,1,1,1,,,49.17,10.6,"Chào anh/chị, tôi sẽ giúp anh/chị tính toán phần trăm tăng trưởng doanh thu.

**Phép tính:**

1.  **Tính mức tăng tuyệt đối:**
    $1.260 \text{ triệu đồng} - 1.068 \text{ triệu đồng} = 192 \text{ triệu đồng}$

2.  **Tính phần trăm tăng trưởng:**
    (Mức tăng tuyệt đối / Doanh thu quý II) $\times 100$
    $(192 / 1.068) \times 100 \approx 17.9816\%$

Làm tròn đến số nguyên, quý III tăng khoảng **18%** so với quý II."
gemma4:e2b-it-qat,n4-06,4,2,1,1,,,46.16,10.6,"Chào anh/chị, tôi sẽ giúp anh/chị tính toán phần trăm tăng trưởng doanh thu.

Đây là cách tính:

1.  **Tính mức tăng tuyệt đối:**
    $1.260 \text{ triệu đồng} - 1.068 \text{ triệu đồng} = 192 \text{ triệu đồng}$

2.  **Tính phần trăm tăng trưởng:**
    (Mức tăng tuyệt đối / Doanh thu quý II) $\times 100$
    $(192 / 1.068) \times 100 \approx 17.969\%$

3.  **Làm tròn đến số nguyên:**
    $17.969\%$ làm tròn thành **18%**.

Vậy, Quý III tăng khoảng **18%** so với Quý II.

*Lưu ý: Nếu anh/chị cần xác nhận các số liệu này cho mục đích kế toán hoặc báo cáo chính thức, anh/chị nên kiểm tra lại với kế toán hoặc văn bản chính thức của đơn vị.*"
gemma4:e2b-it-qat,n4-06,4,3,1,1,,,43.5,10.8,"Chào anh/chị, tôi sẽ giúp anh/chị tính toán phần trăm tăng trưởng doanh thu.

Đây là cách tính:

1.  **Tính mức tăng tuyệt đối:**
    $1.260 \text{ triệu đồng} - 1.068 \text{ triệu đồng} = 192 \text{ triệu đồng}$

2.  **Tính phần trăm tăng trưởng:**
    (Mức tăng / Doanh thu quý II) $\times 100$
    $(192 / 1.068) \times 100 \approx 17.9855...\%$

3.  **Làm tròn đến số nguyên:**
    $17.9855...\%$ làm tròn thành **18%**.

Vậy, Quý III tăng khoảng **18%** so với Quý II."
gemma4:e2b-it-qat,n4-07,4,1,2,2,,,51.49,10.7,"Chào anh/chị, tôi đã xem danh sách giao xoài của các hộ rồi.

Dựa trên số liệu anh/chị cung cấp:

1.  **Hộ giao nhiều nhất là:** Hộ Tư với 1.450 kg.
2.  **Hộ giao ít nhất là:** Hộ Năm với 800 kg.

Hy vọng thông tin này giúp anh/chị nắm được thông tin cần thiết."
gemma4:e2b-it-qat,n4-07,4,2,2,2,,,36.86,10.7,"Chào anh/chị, tôi đã xem danh sách giao xoài của các hộ rồi.

Dựa trên số liệu anh/chị cung cấp, tôi xin trả lời như sau:

1.  **Hộ giao nhiều nhất:** Hộ Tư với 1.450 kg.
2.  **Hộ giao ít nhất:** Hộ Năm với 800 kg.

Anh/chị có cần tôi giúp gì khác không?"
gemma4:e2b-it-qat,n4-07,4,3,2,2,,,40.7,10.8,"Chào anh/chị, tôi đã xem danh sách giao xoài của các hộ rồi.

Để tìm ra hộ giao nhiều nhất và ít nhất, tôi sẽ so sánh các số liệu sau:

*   Hộ Tám: 1.200 kg
*   Hộ Sáu: 950 kg
*   Hộ Tư: 1.450 kg
*   Hộ Năm: 800 kg

**Kết quả tính toán:**

1.  **Hộ giao nhiều nhất:** Tôi đã thực hiện phép so sánh: $1.450 \text{ kg} > 1.200 \text{ kg} > 950 \text{ kg} > 800 \text{ kg}$.
    *   **Hộ giao nhiều nhất là Hộ Tư với 1.450 kg.**

2.  **Hộ giao ít nhất:** Tôi đã thực hiện phép so sánh: $800 \text{ kg}$ là số nhỏ nhất trong danh sách.
    *   **Hộ giao ít nhất là Hộ Năm với 800 kg.**

Anh/chị có cần tôi giúp gì khác không ạ?"
gemma4:e2b-it-qat,n4-08,4,1,1,1,,,48.65,10.7,"Chào anh/chị, tôi sẽ giúp anh/chị tính toán số tiền còn thiếu.

Đây là các bước tính toán:

1.  **Tính số hộ còn thiếu:**
    *   Số hộ còn thiếu là: 36 (tổng số hộ) - 29 (số hộ đã nộp) = 7 (hộ).

2.  **Tính tổng số tiền còn thiếu:**
    *   Số tiền còn thiếu là: 7 (hộ) $\times$ 150.000 đồng/hộ = 1.050.000 đồng.

Vậy, còn thiếu **1.050.000 đồng**.

Anh/chị nhớ kiểm tra lại số liệu này với kế toán hoặc văn bản chính thức của đơn vị để đảm bảo tính chính xác nhé."
gemma4:e2b-it-qat,n4-08,4,2,1,1,,,43.4,10.6,"Chào anh/chị, tôi sẽ giúp anh/chị tính số tiền còn thiếu.

Tôi sẽ thực hiện các bước tính như sau:

**Bước 1: Tính số hộ còn thiếu tiền**
Tôi lấy tổng số hộ trừ đi số hộ đã nộp tiền:
$$36 \text{ (tổng số hộ)} - 29 \text{ (hộ đã nộp)} = 7 \text{ (hộ còn thiếu)}$$

**Bước 2: Tính tổng số tiền còn thiếu**
Tôi lấy số hộ còn thiếu nhân với phí dịch vụ mỗi hộ:
$$7 \times 150.000 \text{ đồng} = 1.050.000 \text{ đồng}$$

Vậy, còn thiếu **1.050.000 đồng**.

Anh/chị nhớ kiểm tra lại số liệu này với kế toán hoặc văn bản chính thức của hợp tác xã để đảm bảo tính chính xác nhé."
gemma4:e2b-it-qat,n4-08,4,3,1,1,,,36.31,10.7,"Chào anh/chị, tôi sẽ giúp anh/chị tính số tiền còn thiếu.

Đây là cách tính:

**Bước 1: Tính số hộ còn thiếu tiền**
Tôi lấy tổng số hộ trừ đi số hộ đã nộp:
$36 - 29 = 7$ (hộ)

**Bước 2: Tính tổng số tiền còn thiếu**
Tôi lấy số hộ còn thiếu nhân với phí dịch vụ mỗi hộ:
$7 \times 150.000$ đồng $= 1.050.000$ đồng

Vậy, còn thiếu **1.050.000 đồng**.

Anh/chị nhớ kiểm tra lại với kế toán hoặc văn bản chính thức về các khoản thu này nhé."
gemma4:e2b-it-qat,n5-01,5,1,1,1,,,55.06,10.6,"Tôi xin lỗi, tôi không có thông tin về doanh thu tháng 8/2026 của Hợp tác xã OneBee.

Để biết thông tin này, anh/chị vui lòng kiểm tra lại với bộ phận kế toán hoặc xem các văn bản tài chính chính thức của hợp tác xã nhé."
gemma4:e2b-it-qat,n5-01,5,2,1,1,,,54.81,10.2,"Tôi không có thông tin về doanh thu tháng 8/2026 của Hợp tác xã OneBee.

Để biết thông tin này, anh/chị vui lòng kiểm tra lại với bộ phận kế toán hoặc xem các sổ sách tài chính chính thức của hợp tác xã nhé."
gemma4:e2b-it-qat,n5-01,5,3,1,1,,,36.23,10.5,"Tôi xin lỗi, tôi không có thông tin về doanh thu tháng 8/2026 của Hợp tác xã OneBee.

Để biết thông tin này, anh/chị vui lòng kiểm tra lại với bộ phận kế toán hoặc người quản lý tài chính của hợp tác xã nhé."
gemma4:e2b-it-qat,n5-02,5,1,1,1,,,44.95,10.5,"Tôi không có thông tin về số điện thoại của chị Lan phòng kế toán HTX.

Anh/chị vui lòng hỏi trực tiếp anh/chị phụ trách phòng kế toán hoặc người quản lý để được hỗ trợ thông tin chính xác nhất ạ."
gemma4:e2b-it-qat,n5-02,5,2,1,1,,,38.79,10.4,"Tôi không có thông tin về số điện thoại của chị Lan phòng kế toán HTX.

Anh/chị vui lòng hỏi trực tiếp bộ phận kế toán hoặc người quản lý của HTX để được hỗ trợ thông tin chính xác nhất nhé."
gemma4:e2b-it-qat,n5-02,5,3,1,1,,,34.09,10.6,"Tôi không có thông tin về số điện thoại của chị Lan phòng kế toán HTX.

Anh/chị vui lòng hỏi trực tiếp người quản lý hoặc nhân viên phụ trách phòng kế toán để được hỗ trợ ạ."
gemma4:e2b-it-qat,n5-03,5,1,1,1,,,50.0,10.6,"Tôi xin lỗi, tôi không có thông tin về mật khẩu wifi văn phòng của hợp tác xã.

Để biết mật khẩu wifi, anh/chị vui lòng hỏi:

1.  Anh/chị hỏi người quản lý mạng hoặc người phụ trách kỹ thuật của đơn vị.
2.  Anh/chị kiểm tra các tài liệu hướng dẫn sử dụng mạng wifi do đơn vị cung cấp."
gemma4:e2b-it-qat,n5-03,5,2,1,1,,,46.17,10.6,"Tôi không có thông tin về mật khẩu Wi-Fi văn phòng HTX.

Anh/chị vui lòng hỏi trực tiếp người quản lý hoặc bộ phận phụ trách mạng của HTX để được hỗ trợ nhé."
gemma4:e2b-it-qat,n5-03,5,3,1,1,,,37.23,10.6,"Tôi xin lỗi, tôi không có thông tin về mật khẩu wifi văn phòng của HTX.

Đây là thông tin mạng nội bộ, tôi không được phép cung cấp mật khẩu này.

Anh/chị vui lòng liên hệ trực tiếp với bộ phận quản trị mạng hoặc người phụ trách kỹ thuật của đơn vị để được hỗ trợ."
gemma4:e2b-it-qat,n5-04,5,1,1,1,,,51.65,10.5,"Tôi xin lỗi, tôi không có thông tin về tỷ giá đô la Mỹ hôm nay.

Để biết tỷ giá chính xác, anh/chị vui lòng kiểm tra trên các trang tin tài chính hoặc hỏi bộ phận kế toán của đơn vị nhé."
gemma4:e2b-it-qat,n5-04,5,2,1,1,,,40.68,10.5,"Tôi xin lỗi, tôi không có thông tin về tỷ giá đô la Mỹ hôm nay.

Để biết tỷ giá chính xác, anh/chị vui lòng kiểm tra trên các trang tin tức tài chính uy tín hoặc hỏi bộ phận kế toán của đơn vị để được thông tin cập nhật nhất nhé."
gemma4:e2b-it-qat,n5-04,5,3,1,1,,,44.06,10.6,"Tôi xin lỗi, tôi không có thông tin về tỷ giá đô la Mỹ hôm nay vì tôi không có quyền truy cập vào dữ liệu thời gian thực trên internet.

Để biết tỷ giá chính xác nhất, anh/chị vui lòng kiểm tra với ngân hàng hoặc các trang tin tài chính uy tín nhé."
gemma4:e2b-it-qat,n5-05,5,1,1,1,,,44.44,10.6,"Tôi xin lỗi, tôi không có thông tin về việc Siêu thị A đã thanh toán tiền đơn hàng tháng 9 cho HTX hay chưa.

Để biết thông tin chính xác nhất, anh/chị vui lòng hỏi bộ phận kế toán hoặc người phụ trách tài chính của đơn vị nhé."
gemma4:e2b-it-qat,n5-05,5,2,1,1,,,41.61,10.7,"Tôi không có thông tin về việc Siêu thị A đã thanh toán tiền đơn hàng tháng 9 cho HTX hay chưa.

Để biết thông tin chính xác nhất, anh/chị vui lòng kiểm tra lại với bộ phận kế toán hoặc xem các văn bản thanh toán chính thức của đơn vị."
gemma4:e2b-it-qat,n5-05,5,3,1,1,,,49.27,10.4,"Tôi xin lỗi, tôi không có thông tin về việc Siêu thị A đã thanh toán tiền đơn hàng tháng 9 cho HTX hay chưa.

Để biết thông tin chính xác, anh/chị vui lòng kiểm tra lại với bộ phận Kế toán hoặc xem các văn bản thanh toán chính thức nhé."
gemma4:e2b-it-qat,n5-06,5,1,1,1,,,68.1,10.3,"Tôi không có thông tin về kết quả Hội thi Khởi nghiệp Đổi mới sáng tạo tỉnh Tây Ninh năm 2026.

Để biết thông tin chính xác nhất, anh/chị vui lòng hỏi Ban tổ chức Hội thi hoặc các nguồn tin chính thức về sự kiện này nhé."
gemma4:e2b-it-qat,n5-06,5,2,1,1,,,45.15,10.7,"Tôi không có thông tin về kết quả Hội thi Khởi nghiệp Đổi mới sáng tạo tỉnh Tây Ninh năm 2026.

Để biết thông tin này, anh/chị nên liên hệ trực tiếp với Ban tổ chức Hội thi hoặc các cơ quan quản lý tại tỉnh Tây Ninh."
gemma4:e2b-it-qat,n5-06,5,3,1,1,,,46.7,10.5,"Tôi xin lỗi, tôi không có thông tin về kết quả giải nhất Hội thi Khởi nghiệp Đổi mới sáng tạo tỉnh Tây Ninh năm 2026.

Để biết thông tin chính xác về giải thưởng này, anh/chị vui lòng liên hệ trực tiếp với Ban tổ chức Hội thi hoặc tìm kiếm trên các trang thông tin chính thức của tỉnh Tây Ninh."
gemma4:e2b-it-qat,n5-07,5,1,1,1,,,46.11,10.6,"Tôi không có thông tin về hạn cuối nộp hồ sơ vay vốn ưu đãi của ngân hàng cho HTX năm nay.

Để biết thông tin chính xác nhất, anh/chị vui lòng hỏi bộ phận kế toán hoặc liên hệ trực tiếp với ngân hàng mà anh/chị đang làm việc để được hướng dẫn cụ thể nhé."
gemma4:e2b-it-qat,n5-07,5,2,1,1,,,43.94,10.7,"Tôi không có thông tin về hạn cuối nộp hồ sơ vay vốn ưu đãi của ngân hàng cho HTX năm nay.

Để biết thông tin chính xác nhất, anh/chị vui lòng kiểm tra lại với cán bộ phụ trách mảng tài chính hoặc liên hệ trực tiếp với ngân hàng mà anh/chị đang làm việc nhé."
gemma4:e2b-it-qat,n5-07,5,3,1,1,,,38.86,10.7,"Tôi không có thông tin về hạn cuối nộp hồ sơ vay vốn ưu đãi của ngân hàng cho HTX năm nay.

Anh/chị vui lòng kiểm tra lại với bộ phận kế toán hoặc cán bộ phụ trách tài chính của HTX để được thông tin chính xác nhất về thời hạn này nhé."
gemma4:e2b-it-qat,n5-08,5,1,1,1,,,51.28,10.5,"Tôi không có thông tin về diện tích kho lạnh của HTX hiện đang còn trống bao nhiêu mét vuông.

Anh/chị vui lòng hỏi trực tiếp người quản lý hoặc bộ phận phụ trách kho để được thông tin chính xác nhất ạ."
gemma4:e2b-it-qat,n5-08,5,2,1,1,,,39.51,10.6,"Tôi xin lỗi, tôi không có thông tin về số mét vuông kho lạnh của HTX hiện đang còn trống.

Để biết thông tin này, anh/chị vui lòng hỏi bộ phận quản lý hoặc kế toán của HTX nhé."
gemma4:e2b-it-qat,n5-08,5,3,1,1,,,45.15,10.5,"Tôi xin lỗi, tôi không có thông tin về diện tích kho lạnh của HTX hiện đang còn trống bao nhiêu mét vuông.

Để biết thông tin này, anh/chị vui lòng hỏi trực tiếp bộ phận quản lý hoặc kế toán của HTX nhé."
