model,id,cau_hoi,tra_loi,diem_1_den_5,ghi_chu
gemma4:e2b-it-qat,n2-01,"Soạn giúp tôi giấy mời họp xã viên Hợp tác xã OneBee lúc 8 giờ sáng thứ Bảy 10/10/2026 tại hội trường HTX, nội dung tổng kết quý III.","Chào anh/chị, tôi xin soạn giúp anh/chị bản Giấy mời họp theo đúng văn bản hành chính. Anh/chị vui lòng điền các thông tin còn thiếu vào các phần trong ngoặc vuông [ ] nhé.

***

**CỘNG HÒA XÃ HỘI CHỦ NGHĨA**
**Độc lập - Tự do - Hạnh phúc**
***

**[Tên Hợp tác xã]**
Số: [Số]/GM-HTX

*[Địa danh]*, ngày [Ngày] tháng [Tháng] năm 2026

**GIẤY MỜI**

**V/v:** Họp tổng kết Quý III

Kính gửi: Toàn thể xã viên Hợp tác xã [Tên Hợp tác xã].

Căn cứ vào kế hoạch hoạt động của Hợp tác xã, Ban Quản lý Hợp tác xã trân trọng kính mời toàn thể xã viên tham dự cuộc họp để cùng tổng kết các hoạt động của Quý III vừa qua và triển khai kế hoạch sắp tới.

**Thời gian:** 8 giờ 00 phút, Thứ Bảy, ngày 10 tháng 10 năm 2026.
**Địa điểm:** Hội trường Hợp tác xã [Tên Hợp tác xã].
**Nội dung cuộc họp:**
1. Tổng kết tình hình hoạt động của Hợp tác xã trong Quý III.
2. Đánh giá kết quả đạt được và những tồn tại.
3. Thảo luận phương hướng hoạt động Quý IV.
4. Các nội dung khác (nếu có).

Đề nghị toàn thể xã viên sắp xếp thời gian tham dự đầy đủ để cuộc họp đạt hiệu quả cao nhất.

Xin trân trọng cảm ơn!

**Nơi nhận:**
- Như trên;
- Lưu: [Bộ phận liên quan].

**[Chức vụ người ký]**
*(Ký tên, đóng dấu)*

**[Họ và tên người ký]**

***

Anh/chị nhớ kiểm tra lại các thông tin như Tên Hợp tác xã, Địa danh, Số văn bản và Chức vụ người ký trước khi in và phát hành nhé. Nếu cần tôi hỗ trợ soạn thảo thêm bất cứ tài liệu nào khác, anh/chị cứ bảo tôi.",,
gemma4:e2b-it-qat,n2-02,Viết công văn của HTX OneBee gửi UBND phường Long An đề nghị hỗ trợ mặt bằng tổ chức phiên chợ nông sản.,"Tôi xin soạn thảo công văn theo đúng định dạng văn bản hành chính theo Nghị định 30/2020/NĐ-CP. Anh/chị vui lòng điền các thông tin còn thiếu như số văn bản, ngày tháng, tên người ký và địa chỉ cụ thể của HTX OneBee vào các phần trong ngoặc vuông [ ].

***

**CỘNG HÒA XÃ HỘI CHỦ NGHĨA VIỆT NAM**
**Độc lập - Tự do - Hạnh phúc**
***

**HỢP TÁC XÃ ONEBEE**
Số: [Số văn bản]/CV-HTX

*Long An, ngày [Ngày] tháng [Tháng] năm [Năm]*

**CÔNG VĂN**
**Về việc đề nghị hỗ trợ địa điểm tổ chức phiên chợ nông sản**

**Kính gửi:** Ủy ban nhân dân phường Long An

Thực hiện kế hoạch phát triển kinh tế và quảng bá sản phẩm nông nghiệp địa phương, Hợp tác xã OneBee kính gửi đến Ủy ban nhân dân phường Long An văn bản này để đề nghị được xem xét, hỗ trợ về địa điểm tổ chức phiên chợ nông sản của HTX OneBee.

Phiên chợ nông sản là hoạt động nhằm tạo điều kiện thuận lợi cho bà con nông dân giới thiệu, tiêu thụ các sản phẩm nông sản tươi sạch của địa phương, đồng thời là cơ hội để HTX OneBee kết nối trực tiếp với người tiêu dùng và cộng đồng.

Chúng tôi kính đề nghị Ủy ban nhân dân phường Long An xem xét và hỗ trợ HTX OneBee về việc sắp xếp, cung cấp địa điểm phù hợp để tổ chức phiên chợ nông sản vào [Thời gian dự kiến tổ chức, ví dụ: cuối tuần của tháng...] nhằm đảm bảo hoạt động diễn ra thuận lợi, an toàn và đạt hiệu quả cao nhất.

Chúng tôi cam kết sẽ tuân thủ mọi quy định của pháp luật và giữ gìn trật tự tại địa điểm được cấp phép.

Kính mong nhận được sự quan tâm, xem xét và hỗ trợ của Ủy ban nhân dân phường Long An.

Xin trân trọng cảm ơn!

**Nơi nhận:**
- Như trên;
- Lưu: [Phòng/Ban liên quan].

**TRƯỞNG HTX**
*(Ký tên, đóng dấu)*

**[Họ và tên người ký]**",,
gemma4:e2b-it-qat,n2-03,"Soạn thông báo nghỉ lễ Quốc khánh 2/9 cho nhân viên HTX, nghỉ từ 1/9 đến hết 2/9.","Chào anh/chị, tôi sẽ soạn giúp anh/chị một thông báo nghỉ lễ theo đúng văn phong hành chính. Anh/chị chỉ cần điền các thông tin còn thiếu vào các phần trong ngoặc vuông là được ạ.

Đây là mẫu thông báo nghỉ lễ Quốc khánh 2/9:

***

**CỘNG HÒA XÃ HỘI CHỦ NGHĨA VIỆT NAM**
**Độc lập - Tự do - Hạnh phúc**
***

**[Tên HTX]**
Số: [Số văn bản]/TB-HTX

*Về việc nghỉ lễ Quốc khánh 2/9*

*[Địa danh]*, ngày [Ngày] tháng [Tháng] năm [Năm]

**THÔNG BÁO**
**Về việc nghỉ lễ Quốc khánh 2/9**

Kính gửi: Toàn thể cán bộ, nhân viên [Tên HTX].

Căn cứ vào quy định về ngày nghỉ lễ của Nhà nước, Ban Lãnh đạo [Tên HTX] thông báo về lịch nghỉ lễ Quốc khánh 2/9 như sau:

1. **Thời gian nghỉ lễ:** Từ ngày 01/09/2024 đến hết ngày 02/09/2024.
2. **Thời gian làm việc trở lại:** Ngày 03/09/2024.

Đề nghị toàn thể cán bộ, nhân viên nghiêm túc thực hiện thông báo trên để đảm bảo công việc được duy trì ổn định. Trong thời gian nghỉ lễ, đề nghị anh/chị sắp xếp công việc cá nhân và giữ gìn sức khỏe.

Mọi thắc mắc liên quan đến nội dung này, anh/chị vui lòng liên hệ [Bộ phận/Cá nhân phụ trách] để được giải đáp.

Trân trọng thông báo!

**Nơi nhận:**
- Như trên;
- Lưu: [Bộ phận liên quan].

**TM. BAN LÃNH ĐẠO**
**[Chức vụ người ký]**
*(Ký tên và đóng dấu)*

***

Anh/chị nhớ thay thế các thông tin trong ngoặc vuông `[...]` bằng thông tin thực tế của HTX mình nhé. Nếu anh/chị cần tôi soạn thêm bất kỳ văn bản nào khác, anh/chị cứ bảo tôi.",,
gemma4:e2b-it-qat,n2-04,"Lập biên bản họp Ban quản trị HTX ngày 25/9/2026, có 5/5 thành viên dự, thống nhất mua 2 máy tính mới.","Chào anh/chị, tôi có thể soạn giúp anh/chị một bản dự thảo Biên bản họp theo đúng mẫu văn bản hành chính.

Tuy nhiên, vì tôi không có thông tin về tên cụ thể của Hợp tác xã, địa danh, tên các thành viên, hay các chi tiết khác của cuộc họp, tôi sẽ soạn bản mẫu. Anh/chị vui lòng điền các thông tin còn thiếu vào các phần trong ngoặc vuông [ ] để hoàn thiện nhé.

Dưới đây là bản dự thảo Biên bản họp:

***

**CỘNG HÒA XÃ HỘI CHỦ NGHĨA VIỆT NAM**
**Độc lập - Tự do - Hạnh phúc**
***

**BIÊN BẢN HỌP BAN QUẢN TRỊ [TÊN HỢP TÁC XÃ]**
**Số: [Số biên bản]/BB-BQT**

*Căn cứ vào [Căn cứ pháp lý hoặc quyết định họp trước đó, nếu có]*

Hôm nay, vào lúc [Giờ bắt đầu] ngày 25 tháng 9 năm 2026, tại [Địa điểm họp, ví dụ: Hội trường HTX], Ban Quản trị [Tên Hợp tác xã] đã tiến hành họp để thảo luận và thống nhất các nội dung sau:

**I. Thành phần tham dự:**
1. Tổng số thành viên Ban Quản trị: 05/05.
2. Thành phần tham dự:
    * Ông/Bà [Họ và tên thành viên 1], Chức vụ: [Chức vụ].
    * Ông/Bà [Họ và tên thành viên 2], Chức vụ: [Chức vụ].
    * Ông/Bà [Họ và tên thành viên 3], Chức vụ: [Chức vụ].
    * Ông/Bà [Họ và tên thành viên 4], Chức vụ: [Chức vụ].
    * Ông/Bà [Họ và tên thành viên 5], Chức vụ: [Chức vụ].

**II. Nội dung cuộc họp:**

1. **Nội dung 1: Đánh giá tình hình trang thiết bị và đề xuất mua sắm máy tính mới.**
    * Ban Quản trị đã nghe báo cáo về tình trạng trang thiết bị máy tính hiện tại của Hợp tác xã.
    * Các thành viên đã thảo luận về sự cần thiết của việc nâng cấp máy tính để phục vụ công việc quản lý và vận hành.
    * Sau khi thảo luận, Ban Quản trị thống nhất về việc mua sắm 02 (hai) máy tính mới.

2. **Nội dung 2: Thống nhất phương án mua sắm.**
    * Các thành viên nhất trí về việc mua 02 máy tính mới với các thông số kỹ thuật như sau: [Ghi rõ thông số kỹ thuật nếu có, ví dụ: CPU i5, RAM 8GB, ổ cứng SSD 256GB].
    * Ban Quản trị thống nhất về phương án mua sắm và phân công trách nhiệm theo [Người phụ trách/Bộ phận].

**III. Kết luận và Quyết định:**

Ban Quản trị thống nhất thông qua nội dung cuộc họp và quyết định:

1. Tiến hành mua sắm 02 (hai) máy tính mới theo đúng phương án đã thảo luận.
2. [Người phụ trách/Bộ phận] chịu trách nhiệm lập hồ sơ và thực hiện các thủ tục mua sắm.
3. Thời gian dự kiến hoàn thành việc mua sắm là [Thời gian dự kiến].

Biên bản được lập thành [Số] bản, có giá trị pháp lý như nhau, được phổ biến đến tất cả các thành viên tham dự.

| **THÀNH VIÊN BAN QUẢN TRỊ** | **NGƯỜI LẬP BIÊN BẢN** |
| :--- | :--- |
| (Ký và ghi rõ họ tên) | (Ký và ghi rõ họ tên) |
| [Họ và tên thành viên 1] | [Họ và tên người lập biên bản] |
| [Họ và tên thành viên 2] | |
| [Họ và tên thành viên 3] | |
| [Họ và tên thành viên 4] | |
| [Họ và tên thành viên 5] | |

***

Anh/chị nhớ điền đầy đủ thông tin vào các phần [ ] nhé. Nếu anh/chị cần tôi hỗ trợ soạn thảo văn bản khác hoặc có thắc mắc về thao tác trên máy tính OneBee, anh cứ hỏi tôi.",,
gemma4:e2b-it-qat,n2-05,Viết tờ trình xin kinh phí 15.000.000 đồng mua máy in cho văn phòng HTX.,"Chào anh/chị, tôi có thể giúp anh/chị soạn thảo một bản tờ trình theo đúng văn phong hành chính mà anh/chị yêu cầu.

Tuy nhiên, vì tôi không có thông tin cụ thể về tên hợp tác xã, lý do chi tiết cần mua máy in, hay tên người ký, tôi sẽ soạn một **mẫu tờ trình chuẩn** theo quy định của Nghị định 30/2020/NĐ-CP. Anh/chị vui lòng điền các thông tin còn thiếu vào các phần trong ngoặc vuông [ ].

---

**CỘNG HÒA XÃ HỘI CHỦ NGHĨA VIỆT NAM**
**Độc lập - Tự do - Hạnh phúc**
***

[Tên Hợp tác xã]
Số: [Số tờ trình]/TTr-HTX

*Về việc: Xin kinh phí mua máy in phục vụ hoạt động văn phòng*

[Địa danh], ngày [Ngày] tháng [Tháng] năm [Năm]

**Kính gửi:** [Tên cơ quan/Người có thẩm quyền phê duyệt, ví dụ: Ban Giám đốc HTX, Hội đồng quản trị HTX].

**I. CĂN CỨ:**

Căn cứ vào nhu cầu thực tế về trang thiết bị văn phòng của [Tên Hợp tác xã] để phục vụ công tác hành chính, quản lý và giao dịch.

**II. NỘI DUNG ĐỀ NGHỊ:**

Tôi làm tờ trình này kính đề nghị [Tên cơ quan/Người có thẩm quyền phê duyệt] xem xét và phê duyệt kinh phí để mua một máy in mới cho văn phòng của Hợp tác xã.

1. **Sự cần thiết:** Hiện tại, [Nêu ngắn gọn lý do cần mua máy in, ví dụ: máy in hiện tại đã quá cũ/không đáp ứng được khối lượng công việc in ấn ngày càng tăng/cần máy in để phục vụ công tác lưu trữ hồ sơ...]. Việc trang bị máy in mới sẽ giúp [Nêu lợi ích cụ thể, ví dụ: tăng tốc độ in ấn, đảm bảo tính chuyên nghiệp trong giao tiếp với đối tác, tiết kiệm thời gian...].
2. **Dự kiến kinh phí:** Tôi kính đề nghị được cấp kinh phí với tổng số tiền là **15.000.000 đồng** (Mười lăm triệu đồng chẵn).

**III. KIẾN NGHỊ:**

Kính mong [Tên cơ quan/Người có thẩm quyền phê duyệt] xem xét và phê duyệt đề nghị này để Hợp tác xã sớm trang bị máy in, phục vụ tốt hơn cho hoạt động của đơn vị.

Tôi xin cam đoan nội dung trên là đúng sự thật.

**Người làm tờ trình**
*(Ký và ghi rõ họ tên)*

[Chức vụ của người làm tờ trình]
[Họ và tên người làm tờ trình]

**Nơi nhận:**
- [Tên cơ quan/Người có thẩm quyền phê duyệt] (để báo cáo);
- Lưu: [Tên phòng ban liên quan].

---

**Lưu ý quan trọng cho anh/chị:**

1.  Anh/chị cần điền đầy đủ các thông tin trong ngoặc vuông [ ] để tờ trình được hoàn chỉnh và chính xác.
2.  Về việc phê duyệt kinh phí 15.000.000 đồng, anh/chị nên kiểm tra lại với kế toán hoặc văn bản tài chính chính thức của HTX để đảm bảo đúng quy trình phê duyệt nội bộ.

Nếu anh/chị cần tôi hỗ trợ soạn thảo phần nội dung chi tiết hơn về lý do cần mua máy in (ví dụ: phân tích chi phí so sánh máy cũ và máy mới), anh/chị cứ cho tôi biết nhé.",,
gemma4:e2b-it-qat,n2-06,Cơ quan nhà nước quy định thể thức văn bản hành chính theo văn bản nào?,"Chào anh/chị,

Cơ quan nhà nước quy định thể thức văn bản hành chính theo **Nghị định 30/2020/NĐ-CP** về công tác văn thư.

Văn bản này quy định các yêu cầu về:

*   Quốc hiệu
*   Tiêu ngữ
*   Tên đơn vị
*   Số và ký hiệu văn bản
*   Địa danh và ngày tháng
*   Tên loại và trích yếu
*   Nội dung
*   Chức vụ và người ký
*   Nơi nhận

Nếu anh/chị cần thông tin chi tiết về một văn bản cụ thể, anh/chị nên kiểm tra lại với kế toán hoặc văn bản chính thức của cơ quan mình để đảm bảo tính pháp lý.",,
gemma4:e2b-it-qat,n2-07,"Viết email ngắn gửi khách hàng xác nhận đã nhận đơn đặt 200 kg xoài, giao ngày 5/10/2026.","Chào anh/chị, tôi sẽ soạn giúp anh/chị một bản email ngắn để xác nhận đơn hàng này. Anh/chị có thể sao chép nội dung dưới đây và gửi đi ạ.

***

**Tiêu đề:** Xác nhận đơn đặt hàng xoài - [Tên Khách hàng/Đơn hàng]

**Kính gửi [Tên Khách hàng],**

Tôi xin xác nhận đơn đặt hàng của anh/chị như sau:

*   **Sản phẩm:** Xoài
*   **Số lượng:** 200 kg
*   **Ngày giao hàng dự kiến:** 05/10/2026

Chúng tôi sẽ tiến hành chuẩn bị đơn hàng theo đúng tiến độ đã hẹn.

Nếu anh/chị cần thêm thông tin gì, xin vui lòng liên hệ với tôi.

Trân trọng,

[Tên của anh/chị hoặc Tên đơn vị]
[Số điện thoại của anh/chị]

***

Anh/chị nhớ kiểm tra lại các thông tin như tên khách hàng và số điện thoại trước khi gửi nhé. Nếu có bất kỳ vấn đề gì về thủ tục thanh toán hay pháp lý liên quan đến đơn hàng này, anh/chị nên kiểm tra lại với kế toán hoặc văn bản chính thức của đơn vị mình.",,
gemma4:e2b-it-qat,n2-08,Viết lời nhắc ngắn gửi xã viên nộp phí dịch vụ quý III trước ngày 15/10/2026.,"Chào anh/chị, tôi xin soạn giúp anh/chị lời nhắc ngắn như sau:

**Lời nhắc gửi xã viên:**

""Kính gửi các xã viên,

Tôi xin nhắc các anh/chị về việc nộp phí dịch vụ quý III.

Thời hạn chót để hoàn tất việc nộp phí là trước ngày 15/10/2026.

Rất mong các anh/chị sắp xếp thời gian thực hiện đúng hạn.

Trân trọng.""",,
gemma4:e2b-it-qat,n3-01,"Tóm tắt đoạn sau trong 3 ý: ""Quý III/2026, Hợp tác xã OneBee thu mua 42 tấn xoài của 36 hộ xã viên, bán cho 3 siêu thị
tại TP. Hồ Chí Minh. Doanh thu đạt 1,26 tỷ đồng, tăng 18% so với quý II. Khó khăn lớn nhất là thiếu kho lạnh,
khiến khoảng 2 tấn xoài bị hỏng. Quý IV, HTX dự kiến thuê thêm kho lạnh 50 m².""
","Chào anh/chị, tôi xin tóm tắt đoạn thông tin trên thành 3 ý chính như sau:

1.  **Hoạt động kinh doanh Quý III/2026:** Hợp tác xã OneBee đã thu mua 42 tấn xoài từ 36 hộ xã viên và bán sản phẩm cho 3 siêu thị tại TP. Hồ Chí Minh.
2.  **Kết quả tài chính:** Doanh thu đạt 1,26 tỷ đồng, đạt mức tăng 18% so với quý II.
3.  **Khó khăn và kế hoạch tương lai:** Khó khăn lớn nhất là thiếu kho lạnh, dẫn đến việc khoảng 2 tấn xoài bị hỏng. Trong Quý IV, HTX dự kiến sẽ thuê thêm kho lạnh với diện tích 50 m².

***

*Lưu ý: Vì thông tin này liên quan đến doanh thu và tài chính, anh/chị nên kiểm tra lại các số liệu này với kế toán hoặc văn bản chính thức của Hợp tác xã để đảm bảo tính chính xác.*",,
gemma4:e2b-it-qat,n3-02,"Đoạn sau nói gì về kế hoạch quý IV? ""Quý III/2026, HTX OneBee thu mua 42 tấn xoài. Thiếu kho lạnh làm hỏng khoảng
2 tấn. Quý IV, HTX dự kiến thuê thêm kho lạnh 50 m² và mở rộng thu mua sang bưởi da xanh.""
","Chào anh/chị, đoạn văn đó nói về kế hoạch Quý IV như sau:

1.  HTX dự kiến thuê thêm kho lạnh với diện tích 50 m².
2.  HTX dự kiến mở rộng việc thu mua sang bưởi da xanh.",,
gemma4:e2b-it-qat,n3-03,"Rút ra việc cần làm từ biên bản: ""Ngày 25/9, Ban quản trị thống nhất: (1) chị Lan lập danh sách hộ giao xoài tháng 10
trước ngày 30/9; (2) anh Hùng liên hệ 2 đơn vị cho thuê kho lạnh, báo giá trước 5/10; (3) kế toán quyết toán phí quý III.""
","Chào anh/chị, tôi đã rút ra các việc cần làm từ biên bản thống nhất của Ban quản trị như sau:

Anh/chị vui lòng thực hiện các nhiệm vụ sau:

1. **Chị Lan:** Lập danh sách hộ giao xoài tháng 10.
    *   **Thời hạn:** Trước ngày 30/9.
2. **Anh Hùng:** Liên hệ 2 đơn vị cho thuê kho lạnh để báo giá.
    *   **Thời hạn:** Trước ngày 5/10.
3. **Kế toán:** Thực hiện quyết toán phí quý III.

Anh/chị nhớ kiểm tra lại các vấn đề liên quan đến tiền bạc và quyết toán phí với kế toán hoặc văn bản chính thức để đảm bảo tính chính xác nhé.",,
gemma4:e2b-it-qat,n3-04,"Tóm tắt 1 câu: ""Do mưa lớn kéo dài, lịch giao hàng ngày 12/10 cho siêu thị A được lùi sang ngày 14/10. Số lượng giữ
nguyên 3 tấn. Tài xế đề nghị xuất phát lúc 4 giờ sáng để tránh kẹt xe.""
","Tôi xin tóm tắt lại như sau: Do mưa lớn, lịch giao hàng ngày 12/10 cho siêu thị A được dời sang ngày 14/10 với số lượng 3 tấn, và tài xế đề nghị xuất phát lúc 4 giờ sáng để tránh kẹt xe.",,
gemma4:e2b-it-qat,n3-05,"Đoạn này có nêu giá bán không? ""HTX OneBee giao 3 tấn xoài cát Hòa Lộc cho siêu thị A ngày 14/10, đóng thùng 10 kg,
thanh toán chuyển khoản sau 15 ngày.""
","Tôi không có thông tin về giá bán trong đoạn văn anh/chị cung cấp. Đoạn văn chỉ nêu thông tin về việc giao hàng, số lượng, ngày giao và phương thức thanh toán.

Nếu anh/chị cần thông tin về giá, anh/chị nên kiểm tra lại với bộ phận kế toán hoặc văn bản hợp đồng chính thức.",,
gemma4:e2b-it-qat,n3-06,"Tóm tắt ý kiến xã viên: ""Ông Tám muốn tăng giá thu mua thêm 1.000 đồng/kg. Bà Sáu đề nghị trả tiền trong 7 ngày thay
vì 15 ngày. Anh Tư đồng ý giá cũ nhưng cần HTX hỗ trợ thùng đóng hàng.""
","Chào anh/chị, tôi xin tóm tắt ý kiến của các xã viên như sau:

1.  **Ông Tám:** Đề xuất tăng giá thu mua thêm 1.000 đồng/kg.
2.  **Bà Sáu:** Đề nghị thời hạn thanh toán là 7 ngày thay vì 15 ngày.
3.  **Anh Tư:** Đồng ý với mức giá cũ nhưng cần HTX hỗ trợ về thùng đóng hàng.

Nếu anh/chị cần làm văn bản chính thức về nội dung này, anh/chị vui lòng kiểm tra lại với kế toán hoặc văn bản chính thức của HTX để đảm bảo tính pháp lý.",,
gemma4:e2b-it-qat,n3-07,"Trong đoạn sau, ai chịu trách nhiệm việc gì? ""Chị Mai phụ trách sổ sách thu chi. Anh Khoa phụ trách xe giao hàng.
Chị Hạnh liên hệ khách hàng mới.""
","Tôi xin trả lời như sau:

*   **Chị Mai** chịu trách nhiệm việc **sổ sách thu chi**.
*   **Anh Khoa** chịu trách nhiệm việc **xe giao hàng**.
*   **Chị Hạnh** chịu trách nhiệm việc **liên hệ khách hàng mới**.",,
gemma4:e2b-it-qat,n3-08,"Tóm tắt thông báo: ""Từ 1/11/2026, văn phòng HTX làm việc từ 7 giờ 30 đến 16 giờ 30, nghỉ trưa 11 giờ 30 – 13 giờ,
thứ Bảy làm buổi sáng, Chủ nhật nghỉ.""
","Chào anh/chị, tôi xin tóm tắt thông báo như sau:

Kể từ ngày **1/11/2026**, lịch làm việc của văn phòng HTX sẽ thay đổi như sau:

1.  **Giờ làm việc chính:** Từ 7 giờ 30 sáng đến 4 giờ 30 chiều.
2.  **Nghỉ trưa:** Từ 11 giờ 30 sáng đến 1 giờ 30 chiều.
3.  **Làm việc Thứ Bảy:** Làm việc vào buổi sáng.
4.  **Nghỉ Chủ nhật:** Nghỉ.

Anh/chị lưu ý thông tin này để sắp xếp công việc nhé.",,
